condition,channel_set,held_out_material,n,mae,rmse,nrmse_global_range,mean_error_bias,median_ape_pct
A_not_baseline_centered,P_S_delta_dP_dS_ddP_ddS,aluminum,24,10483.101628571965,11430.814531865746,0.3076264120606186,-10483.101628571965,44.02450692200631
A_not_baseline_centered,P_delta_dP,aluminum,24,9701.422390358532,10599.515925852791,0.2852544798762707,-9701.422390358532,41.97358363788095
A_not_baseline_centered,S_delta_dS,aluminum,24,8342.69398833086,9749.567061234166,0.26238063139165635,-8288.416992138045,35.51714567890558
A_not_baseline_centered,P_dP,aluminum,24,9946.021564010332,10831.874249405439,0.2915077138157819,-9946.021564010332,38.746000534292946
A_not_baseline_centered,S_dS,aluminum,24,10775.496612499373,11358.474813034678,0.3056796034503101,-10775.496612499373,45.82919405752701
A_not_baseline_centered,delta,aluminum,24,9281.20299440725,10185.154997309297,0.27410318655499444,-9263.12972000263,41.50395328017471
A_not_baseline_centered,P,aluminum,24,9489.445210725286,9794.340640113585,0.2635855792444443,-9489.445210725286,37.70327139684556
A_not_baseline_centered,S,aluminum,24,11247.826755050372,11689.006350017324,0.31457487775568865,-11247.826755050372,47.12061792785357
A_not_baseline_centered,P_S_delta_dP_dS_ddP_ddS,bismuth,24,9524.905677620747,10622.8899674977,0.28588352276263135,9267.951737912734,343.5204262880677
A_not_baseline_centered,P_delta_dP,bismuth,24,8978.763733583204,9913.948354027629,0.2668044655087239,8731.157321273193,314.70367063885624
A_not_baseline_centered,S_delta_dS,bismuth,24,9114.645727984347,9438.633893699467,0.25401278897301727,9114.645727984347,303.4566821491291
A_not_baseline_centered,P_dP,bismuth,24,8304.570263479513,9670.901417635743,0.26026357931062044,7454.155597030028,293.9564288174346
A_not_baseline_centered,S_dS,bismuth,24,8570.31381880466,9438.700985226644,0.25401459454214165,8570.31381880466,285.6247365845849
A_not_baseline_centered,delta,bismuth,24,11494.240875011257,11911.697842241278,0.3205679576502409,11494.240875011257,362.90687936415145
A_not_baseline_centered,P,bismuth,24,6969.49875629225,8257.774806918926,0.22223347499650184,6162.699622875026,261.02742874784747
A_not_baseline_centered,S,bismuth,24,8591.44233855689,9773.801718768644,0.2630328351977864,8394.351681794296,273.0378705282879
A_not_baseline_centered,P_S_delta_dP_dS_ddP_ddS,cement,24,1918.4193371058755,3516.0738883028494,0.09462468241290659,1714.562295521133,38.76489433895045
A_not_baseline_centered,P_delta_dP,cement,24,997.8840969325355,1667.7956659388983,0.044883765311105224,800.1031195635588,35.634925717736074
A_not_baseline_centered,S_delta_dS,cement,24,1935.6383227896633,3276.347604869154,0.0881731617234796,1721.7617641338036,41.00773866052812
A_not_baseline_centered,P_dP,cement,24,1034.7749673447263,1726.3656162555492,0.046460001511968434,845.5353489235036,35.115269487185074
A_not_baseline_centered,S_dS,cement,24,1728.9326667988328,3458.421841655802,0.09307314886220976,1515.3950878032372,53.46569380419361
A_not_baseline_centered,delta,cement,24,326.5104073013146,405.51904112588875,0.010913340190767494,31.197523148357117,54.89919562470946
A_not_baseline_centered,P,cement,24,1985.1811716494321,3899.133705132566,0.1049335993083231,1863.922813658747,41.956703232184935
A_not_baseline_centered,S,cement,24,2762.9787286730693,4900.433463438124,0.131880607431499,2634.599303594727,56.429920262843815
A_not_baseline_centered,P_S_delta_dP_dS_ddP_ddS,copper,24,25175.68507365171,25504.824654261138,0.6863865804797497,-25175.68507365171,68.19148843277684
A_not_baseline_centered,P_delta_dP,copper,24,24149.719629722673,24526.577535636945,0.6600599656639742,-24149.719629722673,62.144998217888016
A_not_baseline_centered,S_delta_dS,copper,24,24690.884692521067,25011.568144003064,0.6731120469761896,-24690.884692521067,66.2174369747826
A_not_baseline_centered,P_dP,copper,24,23685.560677221587,23967.35095231661,0.6450100436416917,-23685.560677221587,60.24742108175241
A_not_baseline_centered,S_dS,copper,24,26849.656514284852,27263.559112994975,0.7337176932188658,-26849.656514284852,68.95844292014792
A_not_baseline_centered,delta,copper,24,24905.506322024103,25115.849698561993,0.6759184751955993,-24905.506322024103,66.51854697251319
A_not_baseline_centered,P,copper,24,23798.28408708691,24275.327673925298,0.6532983221018627,-23798.28408708691,63.704918155235205
A_not_baseline_centered,S,copper,24,25513.167395496872,25958.921639608314,0.6986072517136739,-25513.167395496872,66.57842452526322
A_not_baseline_centered,P_S_delta_dP_dS_ddP_ddS,cork,24,108.2666619720319,127.91267833620229,0.003442389707569448,66.8067455920794,65.72790659596784
A_not_baseline_centered,P_delta_dP,cork,24,101.71099006718411,123.39680405977865,0.0033208583681272447,58.656508182645645,67.59500416419843
A_not_baseline_centered,S_delta_dS,cork,24,81.1567610609546,110.3518338472992,0.0029697917515956146,42.972055612156346,43.02964192716278
A_not_baseline_centered,P_dP,cork,24,106.63438267634649,124.08333191142613,0.0033393342255732083,48.2709696575941,64.79017938702309
A_not_baseline_centered,S_dS,cork,24,97.52711303662956,129.0749872535716,0.0034736697988489995,76.90713056110091,50.77746583524523
A_not_baseline_centered,delta,cork,24,102.14547651845908,136.61856250754647,0.0036766827147720425,67.61825434548405,52.53173915829697
A_not_baseline_centered,P,cork,24,106.24117199682435,127.0534886120165,0.0034192671688042697,45.2316854364228,65.94324710196582
A_not_baseline_centered,S,cork,24,109.14179851451212,141.3106721835532,0.003802956906396886,77.81878365592242,52.731218422362566
A_not_baseline_centered,P_S_delta_dP_dS_ddP_ddS,graphite,24,3754.6808349274834,4567.811300662538,0.12292907014417366,-447.499709543202,26.897134825994133
A_not_baseline_centered,P_delta_dP,graphite,24,3764.8634075265486,4828.041264612614,0.12993238647805871,-1944.2997409932614,31.76585262485354
A_not_baseline_centered,S_delta_dS,graphite,24,3648.073051657906,4620.590179060192,0.12434945684966979,-2045.5396206014157,30.66855358787153
A_not_baseline_centered,P_dP,graphite,24,3677.0312740247978,4550.479733297213,0.1224626425007963,-250.68650933432613,29.293652944005178
A_not_baseline_centered,S_dS,graphite,24,4796.376929100202,5831.48363076316,0.15693705652567308,1622.2445311116378,30.35163682869811
A_not_baseline_centered,delta,graphite,24,6054.926114130324,6815.134065022962,0.1834090855284761,-2479.700023535172,48.282426425692506
A_not_baseline_centered,P,graphite,24,4131.324203035038,5075.430972198993,0.13659014546044523,-2503.523462391509,32.26624168355254
A_not_baseline_centered,S,graphite,24,4410.519321204064,5346.667577791085,0.1438896728532825,754.8577080932458,33.29778385484504
A_not_baseline_centered,P_S_delta_dP_dS_ddP_ddS,gypsum,24,1980.1478305392793,3773.8045715288968,0.10156073803149249,1830.0845789807724,60.0480646977793
A_not_baseline_centered,P_delta_dP,gypsum,24,1083.541216910399,2128.5289417524505,0.0572830325864465,1006.1719674432628,27.31303406983312
A_not_baseline_centered,S_delta_dS,gypsum,24,3023.4902439418024,6085.329745270775,0.16376857051829496,2880.364209641783,51.592511651363374
A_not_baseline_centered,P_dP,gypsum,24,645.8682969553942,1144.8324968922493,0.03080976534503169,583.7544638744015,54.38389288233738
A_not_baseline_centered,S_dS,gypsum,24,2237.619198064523,3167.132982475402,0.08523397463948958,2068.213772021832,505.611975851764
A_not_baseline_centered,delta,gypsum,24,1124.2494565946445,2169.8698376983552,0.058395599976614296,967.3186157972632,55.7372132725037
A_not_baseline_centered,P,gypsum,24,1367.8788736274182,2793.5405650949674,0.07517984467251182,1283.160905668903,55.17960285832303
A_not_baseline_centered,S,gypsum,24,1477.8408871298204,2128.4871721259324,0.057281908481046744,1316.340006235343,280.537904243157
A_not_baseline_centered,P_S_delta_dP_dS_ddP_ddS,iron,24,4121.911953525602,5088.31620605547,0.13693691324753335,604.153922330356,18.42863322797142
A_not_baseline_centered,P_delta_dP,iron,24,3908.4017533554834,4946.432931154815,0.1331185464402141,1651.4161157982378,20.987623674353966
A_not_baseline_centered,S_delta_dS,iron,24,4500.116597364154,5329.054768177548,0.14341567641036804,491.5597247392099,22.93799673357912
A_not_baseline_centered,P_dP,iron,24,3332.1893849201538,4038.409586564952,0.10868179586703604,1013.6283485998874,17.70667984001431
A_not_baseline_centered,S_dS,iron,24,4778.015347338961,5753.179944792435,0.1548297454588069,-773.050721766866,29.79304821627342
A_not_baseline_centered,delta,iron,24,4423.414644417411,5667.057591395072,0.15251201818749205,-2043.764526223789,21.814803868932714
A_not_baseline_centered,P,iron,24,4907.567294391938,6115.324801216615,0.1645757983334654,1091.553065125495,22.246445195078202
A_not_baseline_centered,S,iron,24,4213.375678556408,4988.276521402804,0.13424464235401268,-665.3921999027167,26.542002310383957
A_not_baseline_centered,P_S_delta_dP_dS_ddP_ddS,nickel,24,5376.031718960116,6354.826311736512,0.1710212699277201,-3990.226883286987,27.73180996308129
A_not_baseline_centered,P_delta_dP,nickel,24,5401.0047955038735,6080.281466195807,0.16363271108547994,-2581.0009243568657,27.770526941899753
A_not_baseline_centered,S_delta_dS,nickel,24,6222.442424697176,7268.134605766772,0.19560024921344868,-4285.726842596883,32.458028103741874
A_not_baseline_centered,P_dP,nickel,24,3062.6877110854707,3732.722286143825,0.10045513037623494,-1882.376846665893,11.792068509378344
A_not_baseline_centered,S_dS,nickel,24,6920.00010987217,8098.067354957968,0.21793542341941324,-6039.244793714504,30.901215417200493
A_not_baseline_centered,delta,nickel,24,5821.405715953493,7137.966320013261,0.1920971565336746,-5650.72623224532,28.552735321660315
A_not_baseline_centered,P,nickel,24,5539.677599765238,6358.611478918132,0.17112313645664376,-2104.0307230764834,28.89751066210058
A_not_baseline_centered,S,nickel,24,7907.9776150262505,8764.047389914394,0.2358582974269063,-5615.865283894626,41.95693283835345
A_not_baseline_centered,P_S_delta_dP_dS_ddP_ddS,pdms,24,167.1224010106594,205.16432229603217,0.0055213881893397525,-138.45631419701763,31.762520614303046
A_not_baseline_centered,P_delta_dP,pdms,24,199.07353586558716,229.56110408349429,0.00617795508806607,-194.77144448376418,45.739881795417034
A_not_baseline_centered,S_delta_dS,pdms,24,201.72688673912694,230.8192245165297,0.006211813661632801,-174.51698557949783,41.40043840902124
A_not_baseline_centered,P_dP,pdms,24,181.8670831250239,212.13920768483146,0.005709096507124885,-179.1789257302886,38.896375176345224
A_not_baseline_centered,S_dS,pdms,24,177.66783649226068,218.82975229182165,0.005889152637546937,-119.34702386210415,34.68268236614269
A_not_baseline_centered,delta,pdms,24,267.897493350352,295.1553891352257,0.007943230388955065,-267.897493350352,64.73328380609419
A_not_baseline_centered,P,pdms,24,246.35207470465068,269.44606552390024,0.007251340326614381,-116.76990339905079,52.0553675924737
A_not_baseline_centered,S,pdms,24,265.8582774553865,343.1978316432666,0.009236149994480754,-103.65742095725459,48.510264335607175
A_not_baseline_centered,P_S_delta_dP_dS_ddP_ddS,ps_foam,24,121.19133328280826,176.27817488026008,0.004744003352677752,121.19133328280826,220.54531104737234
A_not_baseline_centered,P_delta_dP,ps_foam,24,104.89722081850402,141.6109085617706,0.0038110368765113182,104.89722081850402,186.18336520783592
A_not_baseline_centered,S_delta_dS,ps_foam,24,138.42482534544766,172.90626458358642,0.004653258405022069,138.42482534544766,380.1016625793611
A_not_baseline_centered,P_dP,ps_foam,24,94.83181322649592,139.6879549051834,0.0037592862919588617,94.83181322649592,132.89196309937574
A_not_baseline_centered,S_dS,ps_foam,24,216.83193727956743,394.4471137421345,0.010615372160040984,216.83193727956743,394.1960664435668
A_not_baseline_centered,delta,ps_foam,24,138.08163314303275,167.9037111173997,0.004518629541116144,138.08163314303275,269.4627623357228
A_not_baseline_centered,P,ps_foam,24,81.76655287120592,124.52270736060228,0.003351158710398921,81.76655287120592,120.99646742380696
A_not_baseline_centered,S,ps_foam,24,418.1687760669997,689.6318919501091,0.018559393468573854,418.1687760669997,545.7817255090587
A_not_baseline_centered,P_S_delta_dP_dS_ddP_ddS,pu_foam,24,198.81451780361874,410.43550116536056,0.011045652105877823,198.81451780361874,219.63924519976135
A_not_baseline_centered,P_delta_dP,pu_foam,24,147.22488121287302,254.59206509634578,0.0068515890364909075,147.22488121287302,212.94432625326147
A_not_baseline_centered,S_delta_dS,pu_foam,24,117.51960015494986,141.71697036749472,0.003813891214901695,117.25724457465553,278.471136576037
A_not_baseline_centered,P_dP,pu_foam,24,178.39641320801056,296.5574369825014,0.007980962341266282,178.39641320801056,212.94632499376266
A_not_baseline_centered,S_dS,pu_foam,24,90.73520240614421,107.19956980171091,0.002884957930216681,90.73520240614421,201.22828093154322
A_not_baseline_centered,delta,pu_foam,24,169.93795812225616,237.68596612798092,0.0063966116109468564,169.93795812225616,261.8321784392958
A_not_baseline_centered,P,pu_foam,24,253.47787447866077,723.1340820872483,0.01946100538077226,253.47787447866077,254.22262327252758
A_not_baseline_centered,S,pu_foam,24,106.46699941253935,130.37160053283,0.0035085642930091903,106.46699941253935,212.2937811020269
A_not_baseline_centered,P_S_delta_dP_dS_ddP_ddS,titanium,24,5680.784226659707,6993.051066110901,0.18819719301956445,4856.2252509404,57.19210623199318
A_not_baseline_centered,P_delta_dP,titanium,24,5842.604819502093,7840.61336552778,0.21100681419228284,5407.001240049016,54.491978990321044
A_not_baseline_centered,S_delta_dS,titanium,24,5894.962717192477,7397.911768664928,0.19909281598360076,4199.966044804332,62.087880611353505
A_not_baseline_centered,P_dP,titanium,24,5723.734276365307,6895.009991151786,0.18555870876805627,4624.421160228595,72.01579186278076
A_not_baseline_centered,S_dS,titanium,24,6106.523153466497,7444.498539796419,0.20034656051884087,4136.999297096542,72.18212117733756
A_not_baseline_centered,delta,titanium,24,6087.800009931781,7372.055308221924,0.19839696617058047,5739.168937531654,83.26079683077609
A_not_baseline_centered,P,titanium,24,5914.875455767976,7667.548193745015,0.20634927927210978,4684.568704241724,57.638364108453935
A_not_baseline_centered,S,titanium,24,6410.339773538851,7584.14548647264,0.20410474319615307,4472.801332958087,68.97236085922378
A_not_baseline_centered,P_S_delta_dP_dS_ddP_ddS,wood,24,614.2065578954589,1035.8083574018433,0.027875704542458614,237.97677530371382,71.86926897819657
A_not_baseline_centered,P_delta_dP,wood,24,921.9178067171412,1631.9839840458808,0.04392000028982051,630.3812355749134,66.63528689858123
A_not_baseline_centered,S_delta_dS,wood,24,473.27114167384025,648.826969586444,0.01746125021498915,87.28928833726282,68.05632608405388
A_not_baseline_centered,P_dP,wood,24,1336.153814043792,2449.7356699471807,0.06592735736739866,1052.2611113938017,68.72148038233298
A_not_baseline_centered,S_dS,wood,24,267.75865483611625,307.2973761196082,0.008269995894674687,-143.10933017758978,60.15632414233254
A_not_baseline_centered,delta,wood,24,1444.2057837085458,3344.098647961657,0.0899964797592862,1086.2682646929213,67.57762330701158
A_not_baseline_centered,P,wood,24,305.8768932860374,376.2761655122547,0.010126355074503091,18.361880118879014,69.41760123469469
A_not_baseline_centered,S,wood,24,204.55740492687528,235.6559715200569,0.006341980337208909,-165.49746964551898,46.26740925757945
A_not_baseline_centered,P_S_delta_dP_dS,aluminum,24,9546.577589197506,10490.947379864556,0.2823326800192356,-9546.577589197506,40.76859643024859
A_not_baseline_centered,P_S_delta_dP_dS,bismuth,24,8646.358908847724,9192.425474276808,0.2473868208519383,8354.570089319253,317.2467702297381
A_not_baseline_centered,P_S_delta_dP_dS,cement,24,1533.9233927445832,2694.755439168508,0.07252133649980044,1338.5042146359872,33.38209868599177
A_not_baseline_centered,P_S_delta_dP_dS,copper,24,24820.546557755442,25182.260477576496,0.6777057240056846,-24820.546557755442,64.37834774484512
A_not_baseline_centered,P_S_delta_dP_dS,cork,24,103.92582798106713,119.8010822480644,0.003224090198490499,57.218122651168215,68.34303873205738
A_not_baseline_centered,P_S_delta_dP_dS,graphite,24,3579.3022879204677,4595.022328930514,0.12366137412576851,-815.9336245754826,20.16635076116752
A_not_baseline_centered,P_S_delta_dP_dS,gypsum,24,1768.8026147719145,3423.734500684696,0.09213964213641014,1645.4176682794443,47.447613195197945
A_not_baseline_centered,P_S_delta_dP_dS,iron,24,3795.482095966161,4953.320667045757,0.13330390938818643,1729.1469711042275,18.36892909171352
A_not_baseline_centered,P_S_delta_dP_dS,nickel,24,5191.177009929381,5875.172373224491,0.15811280922932805,-3263.501466891588,28.496120796397555
A_not_baseline_centered,P_S_delta_dP_dS,pdms,24,169.59702893408678,212.81550473090627,0.005727297032834686,-134.42489073425585,33.827543686293446
A_not_baseline_centered,P_S_delta_dP_dS,ps_foam,24,151.88011073770267,230.7404591268605,0.006209693925182617,151.88011073770267,215.73120666356135
A_not_baseline_centered,P_S_delta_dP_dS,pu_foam,24,168.69053669866202,327.6587385463395,0.008817961470578305,168.69053669866202,224.75803458389936
A_not_baseline_centered,P_S_delta_dP_dS,titanium,24,5311.706825604478,7364.130529312839,0.19818369429084,4828.5812435754915,41.11654598734195
A_not_baseline_centered,P_S_delta_dP_dS,wood,24,525.7518938770398,821.1029008418096,0.022097545071208792,175.1844461512887,64.1788229357591
