condition,fold,trial_id,Temperature,Sample,Trial,y_true,y_pred
not_baseline_centered,1,30C__aluminum_trial_1,30C,aluminum,1,23958.09466547789,14677.139973958334
not_baseline_centered,1,30C__aluminum_trial_2,30C,aluminum,2,23958.09466547789,16205.425455729166
not_baseline_centered,1,30C__aluminum_trial_3,30C,aluminum,3,23958.09466547789,14112.0419921875
not_baseline_centered,1,30C__aluminum_trial_4,30C,aluminum,4,23958.09466547789,22763.72265625
not_baseline_centered,1,30C__aluminum_trial_5,30C,aluminum,5,23958.09466547789,22902.925130208332
not_baseline_centered,1,30C__aluminum_trial_6,30C,aluminum,6,23958.09466547789,19626.409505208332
not_baseline_centered,1,40C__aluminum_trial_1,40C,aluminum,1,23958.09466547789,18090.060872395832
not_baseline_centered,1,40C__aluminum_trial_2,40C,aluminum,2,23958.09466547789,11590.676595052084
not_baseline_centered,1,40C__aluminum_trial_3,40C,aluminum,3,23958.09466547789,25137.434244791668
not_baseline_centered,1,40C__aluminum_trial_4,40C,aluminum,4,23958.09466547789,13905.262044270834
not_baseline_centered,1,40C__aluminum_trial_5,40C,aluminum,5,23958.09466547789,12509.057942708334
not_baseline_centered,1,40C__aluminum_trial_6,40C,aluminum,6,23958.09466547789,13156.315755208334
not_baseline_centered,1,50C__aluminum_trial_1,50C,aluminum,1,23958.09466547789,13043.495442708334
not_baseline_centered,1,50C__aluminum_trial_2,50C,aluminum,2,23958.09466547789,13098.736979166666
not_baseline_centered,1,50C__aluminum_trial_3,50C,aluminum,3,23958.09466547789,15702.208333333334
not_baseline_centered,1,50C__aluminum_trial_4,50C,aluminum,4,23958.09466547789,19131.852864583332
not_baseline_centered,1,50C__aluminum_trial_5,50C,aluminum,5,23958.09466547789,14787.229817708334
not_baseline_centered,1,50C__aluminum_trial_6,50C,aluminum,6,23958.09466547789,19935.667317708332
not_baseline_centered,1,60C__aluminum_trial_1,60C,aluminum,1,23958.09466547789,12979.901041666666
not_baseline_centered,1,60C__aluminum_trial_2,60C,aluminum,2,23958.09466547789,15339.194986979166
not_baseline_centered,1,60C__aluminum_trial_3,60C,aluminum,3,23958.09466547789,15080.0732421875
not_baseline_centered,1,60C__aluminum_trial_4,60C,aluminum,4,23958.09466547789,13760.297526041666
not_baseline_centered,1,60C__aluminum_trial_5,60C,aluminum,5,23958.09466547789,18507.075520833332
not_baseline_centered,1,60C__aluminum_trial_6,60C,aluminum,6,23958.09466547789,20437.805338541668
baseline_centered,1,30C__aluminum_trial_1,30C,aluminum,1,23958.09466547789,9189.75341796875
baseline_centered,1,30C__aluminum_trial_2,30C,aluminum,2,23958.09466547789,9253.276041666666
baseline_centered,1,30C__aluminum_trial_3,30C,aluminum,3,23958.09466547789,14421.977864583334
baseline_centered,1,30C__aluminum_trial_4,30C,aluminum,4,23958.09466547789,15016.722981770834
baseline_centered,1,30C__aluminum_trial_5,30C,aluminum,5,23958.09466547789,18160.58984375
baseline_centered,1,30C__aluminum_trial_6,30C,aluminum,6,23958.09466547789,14916.300455729166
baseline_centered,1,40C__aluminum_trial_1,40C,aluminum,1,23958.09466547789,19781.065755208332
baseline_centered,1,40C__aluminum_trial_2,40C,aluminum,2,23958.09466547789,7845.754557291667
baseline_centered,1,40C__aluminum_trial_3,40C,aluminum,3,23958.09466547789,15873.68994140625
baseline_centered,1,40C__aluminum_trial_4,40C,aluminum,4,23958.09466547789,11983.495768229166
baseline_centered,1,40C__aluminum_trial_5,40C,aluminum,5,23958.09466547789,13328.088541666666
baseline_centered,1,40C__aluminum_trial_6,40C,aluminum,6,23958.09466547789,13568.4453125
baseline_centered,1,50C__aluminum_trial_1,50C,aluminum,1,23958.09466547789,14300.905924479166
baseline_centered,1,50C__aluminum_trial_2,50C,aluminum,2,23958.09466547789,11226.959309895834
baseline_centered,1,50C__aluminum_trial_3,50C,aluminum,3,23958.09466547789,14855.951822916666
baseline_centered,1,50C__aluminum_trial_4,50C,aluminum,4,23958.09466547789,20173.936848958332
baseline_centered,1,50C__aluminum_trial_5,50C,aluminum,5,23958.09466547789,11327.1708984375
baseline_centered,1,50C__aluminum_trial_6,50C,aluminum,6,23958.09466547789,17433.914713541668
baseline_centered,1,60C__aluminum_trial_1,60C,aluminum,1,23958.09466547789,15971.116536458334
baseline_centered,1,60C__aluminum_trial_2,60C,aluminum,2,23958.09466547789,21914.028645833332
baseline_centered,1,60C__aluminum_trial_3,60C,aluminum,3,23958.09466547789,21263.881510416668
baseline_centered,1,60C__aluminum_trial_4,60C,aluminum,4,23958.09466547789,19339.411458333332
baseline_centered,1,60C__aluminum_trial_5,60C,aluminum,5,23958.09466547789,24679.275390625
baseline_centered,1,60C__aluminum_trial_6,60C,aluminum,6,23958.09466547789,21754.729817708332
not_baseline_centered,2,30C__bismuth_trial_1,30C,bismuth,1,3209.1026783199068,8181.056640625
not_baseline_centered,2,30C__bismuth_trial_2,30C,bismuth,2,3209.1026783199068,4946.824869791667
not_baseline_centered,2,30C__bismuth_trial_3,30C,bismuth,3,3209.1026783199068,5710.904134114583
not_baseline_centered,2,30C__bismuth_trial_4,30C,bismuth,4,3209.1026783199068,7453.971516927083
not_baseline_centered,2,30C__bismuth_trial_5,30C,bismuth,5,3209.1026783199068,6095.810709635417
not_baseline_centered,2,30C__bismuth_trial_6,30C,bismuth,6,3209.1026783199068,7811.429850260417
not_baseline_centered,2,40C__bismuth_trial_1,40C,bismuth,1,3209.1026783199068,10042.819986979166
not_baseline_centered,2,40C__bismuth_trial_2,40C,bismuth,2,3209.1026783199068,11776.814778645834
not_baseline_centered,2,40C__bismuth_trial_3,40C,bismuth,3,3209.1026783199068,9854.955403645834
not_baseline_centered,2,40C__bismuth_trial_4,40C,bismuth,4,3209.1026783199068,11239.611979166666
not_baseline_centered,2,40C__bismuth_trial_5,40C,bismuth,5,3209.1026783199068,9195.922200520834
not_baseline_centered,2,40C__bismuth_trial_6,40C,bismuth,6,3209.1026783199068,15885.207356770834
not_baseline_centered,2,50C__bismuth_trial_1,50C,bismuth,1,3209.1026783199068,9052.603841145834
not_baseline_centered,2,50C__bismuth_trial_2,50C,bismuth,2,3209.1026783199068,11776.160807291666
not_baseline_centered,2,50C__bismuth_trial_3,50C,bismuth,3,3209.1026783199068,8707.817057291666
not_baseline_centered,2,50C__bismuth_trial_4,50C,bismuth,4,3209.1026783199068,10574.531575520834
not_baseline_centered,2,50C__bismuth_trial_5,50C,bismuth,5,3209.1026783199068,12373.5947265625
not_baseline_centered,2,50C__bismuth_trial_6,50C,bismuth,6,3209.1026783199068,12677.502278645834
not_baseline_centered,2,60C__bismuth_trial_1,60C,bismuth,1,3209.1026783199068,13470.5986328125
not_baseline_centered,2,60C__bismuth_trial_2,60C,bismuth,2,3209.1026783199068,13598.259114583334
not_baseline_centered,2,60C__bismuth_trial_3,60C,bismuth,3,3209.1026783199068,13071.936848958334
not_baseline_centered,2,60C__bismuth_trial_4,60C,bismuth,4,3209.1026783199068,14385.9755859375
not_baseline_centered,2,60C__bismuth_trial_5,60C,bismuth,5,3209.1026783199068,9690.830078125
not_baseline_centered,2,60C__bismuth_trial_6,60C,bismuth,6,3209.1026783199068,13138.164388020834
baseline_centered,2,30C__bismuth_trial_1,30C,bismuth,1,3209.1026783199068,12816.175455729166
baseline_centered,2,30C__bismuth_trial_2,30C,bismuth,2,3209.1026783199068,10525.182942708334
baseline_centered,2,30C__bismuth_trial_3,30C,bismuth,3,3209.1026783199068,8359.275716145834
baseline_centered,2,30C__bismuth_trial_4,30C,bismuth,4,3209.1026783199068,9174.35498046875
baseline_centered,2,30C__bismuth_trial_5,30C,bismuth,5,3209.1026783199068,9421.629231770834
baseline_centered,2,30C__bismuth_trial_6,30C,bismuth,6,3209.1026783199068,11226.711588541666
baseline_centered,2,40C__bismuth_trial_1,40C,bismuth,1,3209.1026783199068,17904.258463541668
baseline_centered,2,40C__bismuth_trial_2,40C,bismuth,2,3209.1026783199068,17091.061848958332
baseline_centered,2,40C__bismuth_trial_3,40C,bismuth,3,3209.1026783199068,9090.123209635416
baseline_centered,2,40C__bismuth_trial_4,40C,bismuth,4,3209.1026783199068,11482.884440104166
baseline_centered,2,40C__bismuth_trial_5,40C,bismuth,5,3209.1026783199068,12259.7216796875
baseline_centered,2,40C__bismuth_trial_6,40C,bismuth,6,3209.1026783199068,13404.942708333334
baseline_centered,2,50C__bismuth_trial_1,50C,bismuth,1,3209.1026783199068,7895.5595703125
baseline_centered,2,50C__bismuth_trial_2,50C,bismuth,2,3209.1026783199068,8418.812052408854
baseline_centered,2,50C__bismuth_trial_3,50C,bismuth,3,3209.1026783199068,8128.587076822917
baseline_centered,2,50C__bismuth_trial_4,50C,bismuth,4,3209.1026783199068,11507.604166666666
baseline_centered,2,50C__bismuth_trial_5,50C,bismuth,5,3209.1026783199068,10642.028645833334
baseline_centered,2,50C__bismuth_trial_6,50C,bismuth,6,3209.1026783199068,12980.269856770834
baseline_centered,2,60C__bismuth_trial_1,60C,bismuth,1,3209.1026783199068,13364.389973958334
baseline_centered,2,60C__bismuth_trial_2,60C,bismuth,2,3209.1026783199068,12363.253580729166
baseline_centered,2,60C__bismuth_trial_3,60C,bismuth,3,3209.1026783199068,12879.150716145834
baseline_centered,2,60C__bismuth_trial_4,60C,bismuth,4,3209.1026783199068,14490.0673828125
baseline_centered,2,60C__bismuth_trial_5,60C,bismuth,5,3209.1026783199068,8524.852864583334
baseline_centered,2,60C__bismuth_trial_6,60C,bismuth,6,3209.1026783199068,12930.327799479166
not_baseline_centered,3,30C__cement_trial_1,30C,cement,1,559.6427431853289,590.3859456380209
not_baseline_centered,3,30C__cement_trial_2,30C,cement,2,559.6427431853289,486.0231526692708
not_baseline_centered,3,30C__cement_trial_3,30C,cement,3,559.6427431853289,518.9259236653646
not_baseline_centered,3,30C__cement_trial_4,30C,cement,4,559.6427431853289,511.11195882161456
not_baseline_centered,3,30C__cement_trial_5,30C,cement,5,559.6427431853289,523.1444803873698
not_baseline_centered,3,30C__cement_trial_6,30C,cement,6,559.6427431853289,541.7149047851562
not_baseline_centered,3,40C__cement_trial_1,40C,cement,1,559.6427431853289,600.2185668945312
not_baseline_centered,3,40C__cement_trial_2,40C,cement,2,559.6427431853289,582.7555745442709
not_baseline_centered,3,40C__cement_trial_3,40C,cement,3,559.6427431853289,557.593983968099
not_baseline_centered,3,40C__cement_trial_4,40C,cement,4,559.6427431853289,2206.010701497396
not_baseline_centered,3,40C__cement_trial_5,40C,cement,5,559.6427431853289,2132.8385213216147
not_baseline_centered,3,40C__cement_trial_6,40C,cement,6,559.6427431853289,709.8073120117188
not_baseline_centered,3,50C__cement_trial_1,50C,cement,1,559.6427431853289,597.8475646972656
not_baseline_centered,3,50C__cement_trial_2,50C,cement,2,559.6427431853289,445.5644124348958
not_baseline_centered,3,50C__cement_trial_3,50C,cement,3,559.6427431853289,482.56280517578125
not_baseline_centered,3,50C__cement_trial_4,50C,cement,4,559.6427431853289,756.8358256022135
not_baseline_centered,3,50C__cement_trial_5,50C,cement,5,559.6427431853289,406.44237263997394
not_baseline_centered,3,50C__cement_trial_6,50C,cement,6,559.6427431853289,415.955810546875
not_baseline_centered,3,60C__cement_trial_1,60C,cement,1,559.6427431853289,4884.944986979167
not_baseline_centered,3,60C__cement_trial_2,60C,cement,2,559.6427431853289,3961.5065104166665
not_baseline_centered,3,60C__cement_trial_3,60C,cement,3,559.6427431853289,4208.770833333333
not_baseline_centered,3,60C__cement_trial_4,60C,cement,4,559.6427431853289,4605.890299479167
not_baseline_centered,3,60C__cement_trial_5,60C,cement,5,559.6427431853289,3476.45361328125
not_baseline_centered,3,60C__cement_trial_6,60C,cement,6,559.6427431853289,2675.3748372395835
baseline_centered,3,30C__cement_trial_1,30C,cement,1,559.6427431853289,695.2052612304688
baseline_centered,3,30C__cement_trial_2,30C,cement,2,559.6427431853289,674.8048502604166
baseline_centered,3,30C__cement_trial_3,30C,cement,3,559.6427431853289,720.7585245768229
baseline_centered,3,30C__cement_trial_4,30C,cement,4,559.6427431853289,699.4153849283854
baseline_centered,3,30C__cement_trial_5,30C,cement,5,559.6427431853289,689.447998046875
baseline_centered,3,30C__cement_trial_6,30C,cement,6,559.6427431853289,728.8252360026041
baseline_centered,3,40C__cement_trial_1,40C,cement,1,559.6427431853289,583.4521687825521
baseline_centered,3,40C__cement_trial_2,40C,cement,2,559.6427431853289,1327.461934407552
baseline_centered,3,40C__cement_trial_3,40C,cement,3,559.6427431853289,912.9466552734375
baseline_centered,3,40C__cement_trial_4,40C,cement,4,559.6427431853289,457.89329020182294
baseline_centered,3,40C__cement_trial_5,40C,cement,5,559.6427431853289,466.4386291503906
baseline_centered,3,40C__cement_trial_6,40C,cement,6,559.6427431853289,649.7565307617188
baseline_centered,3,50C__cement_trial_1,50C,cement,1,559.6427431853289,404.73607381184894
baseline_centered,3,50C__cement_trial_2,50C,cement,2,559.6427431853289,457.2291768391927
baseline_centered,3,50C__cement_trial_3,50C,cement,3,559.6427431853289,529.7268575032552
baseline_centered,3,50C__cement_trial_4,50C,cement,4,559.6427431853289,565.7257080078125
baseline_centered,3,50C__cement_trial_5,50C,cement,5,559.6427431853289,398.4642842610677
baseline_centered,3,50C__cement_trial_6,50C,cement,6,559.6427431853289,423.8119812011719
baseline_centered,3,60C__cement_trial_1,60C,cement,1,559.6427431853289,4618.035400390625
baseline_centered,3,60C__cement_trial_2,60C,cement,2,559.6427431853289,4268.158121744792
baseline_centered,3,60C__cement_trial_3,60C,cement,3,559.6427431853289,4436.793619791667
baseline_centered,3,60C__cement_trial_4,60C,cement,4,559.6427431853289,4218.442220052083
baseline_centered,3,60C__cement_trial_5,60C,cement,5,559.6427431853289,4127.56298828125
baseline_centered,3,60C__cement_trial_6,60C,cement,6,559.6427431853289,3628.9122721354165
not_baseline_centered,4,30C__copper_trial_1,30C,copper,1,37192.601414797544,17103.026692708332
not_baseline_centered,4,30C__copper_trial_2,30C,copper,2,37192.601414797544,12138.758463541666
not_baseline_centered,4,30C__copper_trial_3,30C,copper,3,37192.601414797544,15035.782552083334
not_baseline_centered,4,30C__copper_trial_4,30C,copper,4,37192.601414797544,16835.604817708332
not_baseline_centered,4,30C__copper_trial_5,30C,copper,5,37192.601414797544,10701.445963541666
not_baseline_centered,4,30C__copper_trial_6,30C,copper,6,37192.601414797544,7908.075358072917
not_baseline_centered,4,40C__copper_trial_1,40C,copper,1,37192.601414797544,18773.998697916668
not_baseline_centered,4,40C__copper_trial_2,40C,copper,2,37192.601414797544,16634.236979166668
not_baseline_centered,4,40C__copper_trial_3,40C,copper,3,37192.601414797544,8016.850748697917
not_baseline_centered,4,40C__copper_trial_4,40C,copper,4,37192.601414797544,4389.159261067708
not_baseline_centered,4,40C__copper_trial_5,40C,copper,5,37192.601414797544,4389.287923177083
not_baseline_centered,4,40C__copper_trial_6,40C,copper,6,37192.601414797544,4877.474609375
not_baseline_centered,4,50C__copper_trial_1,50C,copper,1,37192.601414797544,6258.717447916667
not_baseline_centered,4,50C__copper_trial_2,50C,copper,2,37192.601414797544,8504.599609375
not_baseline_centered,4,50C__copper_trial_3,50C,copper,3,37192.601414797544,7431.973795572917
not_baseline_centered,4,50C__copper_trial_4,50C,copper,4,37192.601414797544,15573.9521484375
not_baseline_centered,4,50C__copper_trial_5,50C,copper,5,37192.601414797544,13769.203125
not_baseline_centered,4,50C__copper_trial_6,50C,copper,6,37192.601414797544,15505.43359375
not_baseline_centered,4,60C__copper_trial_1,60C,copper,1,37192.601414797544,17949.308919270832
not_baseline_centered,4,60C__copper_trial_2,60C,copper,2,37192.601414797544,18375.03515625
not_baseline_centered,4,60C__copper_trial_3,60C,copper,3,37192.601414797544,17849.567708333332
not_baseline_centered,4,60C__copper_trial_4,60C,copper,4,37192.601414797544,18388.712239583332
not_baseline_centered,4,60C__copper_trial_5,60C,copper,5,37192.601414797544,17061.7197265625
not_baseline_centered,4,60C__copper_trial_6,60C,copper,6,37192.601414797544,16688.3896484375
baseline_centered,4,30C__copper_trial_1,30C,copper,1,37192.601414797544,13347.490234375
baseline_centered,4,30C__copper_trial_2,30C,copper,2,37192.601414797544,12523.675455729166
baseline_centered,4,30C__copper_trial_3,30C,copper,3,37192.601414797544,14602.4658203125
baseline_centered,4,30C__copper_trial_4,30C,copper,4,37192.601414797544,15078.5771484375
baseline_centered,4,30C__copper_trial_5,30C,copper,5,37192.601414797544,5713.781412760417
baseline_centered,4,30C__copper_trial_6,30C,copper,6,37192.601414797544,4405.685221354167
baseline_centered,4,40C__copper_trial_1,40C,copper,1,37192.601414797544,13396.986002604166
baseline_centered,4,40C__copper_trial_2,40C,copper,2,37192.601414797544,11743.397786458334
baseline_centered,4,40C__copper_trial_3,40C,copper,3,37192.601414797544,14111.7236328125
baseline_centered,4,40C__copper_trial_4,40C,copper,4,37192.601414797544,13702.689453125
baseline_centered,4,40C__copper_trial_5,40C,copper,5,37192.601414797544,13217.7490234375
baseline_centered,4,40C__copper_trial_6,40C,copper,6,37192.601414797544,14604.841145833334
baseline_centered,4,50C__copper_trial_1,50C,copper,1,37192.601414797544,10637.0107421875
baseline_centered,4,50C__copper_trial_2,50C,copper,2,37192.601414797544,12181.9404296875
baseline_centered,4,50C__copper_trial_3,50C,copper,3,37192.601414797544,10157.773111979166
baseline_centered,4,50C__copper_trial_4,50C,copper,4,37192.601414797544,13312.698893229166
baseline_centered,4,50C__copper_trial_5,50C,copper,5,37192.601414797544,11406.646809895834
baseline_centered,4,50C__copper_trial_6,50C,copper,6,37192.601414797544,14521.138997395834
baseline_centered,4,60C__copper_trial_1,60C,copper,1,37192.601414797544,14959.051432291666
baseline_centered,4,60C__copper_trial_2,60C,copper,2,37192.601414797544,19236.574869791668
baseline_centered,4,60C__copper_trial_3,60C,copper,3,37192.601414797544,14345.346354166666
baseline_centered,4,60C__copper_trial_4,60C,copper,4,37192.601414797544,16221.7197265625
baseline_centered,4,60C__copper_trial_5,60C,copper,5,37192.601414797544,13947.80078125
baseline_centered,4,60C__copper_trial_6,60C,copper,6,37192.601414797544,10828.384765625
not_baseline_centered,5,30C__cork_trial_1,30C,cork,1,136.29380029920657,140.5304387410482
not_baseline_centered,5,30C__cork_trial_2,30C,cork,2,136.29380029920657,74.31417846679688
not_baseline_centered,5,30C__cork_trial_3,30C,cork,3,136.29380029920657,59.57243092854818
not_baseline_centered,5,30C__cork_trial_4,30C,cork,4,136.29380029920657,61.146979014078774
not_baseline_centered,5,30C__cork_trial_5,30C,cork,5,136.29380029920657,79.62986501057942
not_baseline_centered,5,30C__cork_trial_6,30C,cork,6,136.29380029920657,64.47359975179036
not_baseline_centered,5,40C__cork_trial_1,40C,cork,1,136.29380029920657,95.77631378173828
not_baseline_centered,5,40C__cork_trial_2,40C,cork,2,136.29380029920657,95.84961700439453
not_baseline_centered,5,40C__cork_trial_3,40C,cork,3,136.29380029920657,85.74191029866536
not_baseline_centered,5,40C__cork_trial_4,40C,cork,4,136.29380029920657,85.9534174601237
not_baseline_centered,5,40C__cork_trial_5,40C,cork,5,136.29380029920657,48.63607279459635
not_baseline_centered,5,40C__cork_trial_6,40C,cork,6,136.29380029920657,100.47647857666016
not_baseline_centered,5,50C__cork_trial_1,50C,cork,1,136.29380029920657,448.05076090494794
not_baseline_centered,5,50C__cork_trial_2,50C,cork,2,136.29380029920657,390.6103006998698
not_baseline_centered,5,50C__cork_trial_3,50C,cork,3,136.29380029920657,317.69757080078125
not_baseline_centered,5,50C__cork_trial_4,50C,cork,4,136.29380029920657,224.26713053385416
not_baseline_centered,5,50C__cork_trial_5,50C,cork,5,136.29380029920657,372.39503987630206
not_baseline_centered,5,50C__cork_trial_6,50C,cork,6,136.29380029920657,347.8094889322917
not_baseline_centered,5,60C__cork_trial_1,60C,cork,1,136.29380029920657,424.59961954752606
not_baseline_centered,5,60C__cork_trial_2,60C,cork,2,136.29380029920657,409.439697265625
not_baseline_centered,5,60C__cork_trial_3,60C,cork,3,136.29380029920657,365.5885518391927
not_baseline_centered,5,60C__cork_trial_4,60C,cork,4,136.29380029920657,382.6702880859375
not_baseline_centered,5,60C__cork_trial_5,60C,cork,5,136.29380029920657,362.2062072753906
not_baseline_centered,5,60C__cork_trial_6,60C,cork,6,136.29380029920657,336.46751912434894
baseline_centered,5,30C__cork_trial_1,30C,cork,1,136.29380029920657,107.69228617350261
baseline_centered,5,30C__cork_trial_2,30C,cork,2,136.29380029920657,59.55319595336914
baseline_centered,5,30C__cork_trial_3,30C,cork,3,136.29380029920657,69.87558619181316
baseline_centered,5,30C__cork_trial_4,30C,cork,4,136.29380029920657,46.89764149983724
baseline_centered,5,30C__cork_trial_5,30C,cork,5,136.29380029920657,93.15374501546223
baseline_centered,5,30C__cork_trial_6,30C,cork,6,136.29380029920657,69.34754943847656
baseline_centered,5,40C__cork_trial_1,40C,cork,1,136.29380029920657,110.52850850423177
baseline_centered,5,40C__cork_trial_2,40C,cork,2,136.29380029920657,102.33939361572266
baseline_centered,5,40C__cork_trial_3,40C,cork,3,136.29380029920657,99.80945078531902
baseline_centered,5,40C__cork_trial_4,40C,cork,4,136.29380029920657,106.13397979736328
baseline_centered,5,40C__cork_trial_5,40C,cork,5,136.29380029920657,83.68133036295573
baseline_centered,5,40C__cork_trial_6,40C,cork,6,136.29380029920657,79.47397359212239
baseline_centered,5,50C__cork_trial_1,50C,cork,1,136.29380029920657,418.2018534342448
baseline_centered,5,50C__cork_trial_2,50C,cork,2,136.29380029920657,411.4355163574219
baseline_centered,5,50C__cork_trial_3,50C,cork,3,136.29380029920657,411.74208577473956
baseline_centered,5,50C__cork_trial_4,50C,cork,4,136.29380029920657,278.6400197347005
baseline_centered,5,50C__cork_trial_5,50C,cork,5,136.29380029920657,418.2836507161458
baseline_centered,5,50C__cork_trial_6,50C,cork,6,136.29380029920657,288.3241882324219
baseline_centered,5,60C__cork_trial_1,60C,cork,1,136.29380029920657,358.88002522786456
baseline_centered,5,60C__cork_trial_2,60C,cork,2,136.29380029920657,264.980712890625
baseline_centered,5,60C__cork_trial_3,60C,cork,3,136.29380029920657,317.6391092936198
baseline_centered,5,60C__cork_trial_4,60C,cork,4,136.29380029920657,269.2938232421875
baseline_centered,5,60C__cork_trial_5,60C,cork,5,136.29380029920657,314.5069274902344
baseline_centered,5,60C__cork_trial_6,60C,cork,6,136.29380029920657,288.9908955891927
not_baseline_centered,6,30C__graphite_trial_1,30C,graphite,1,11367.497525840945,22220.007161458332
not_baseline_centered,6,30C__graphite_trial_2,30C,graphite,2,11367.497525840945,10277.696451822916
not_baseline_centered,6,30C__graphite_trial_3,30C,graphite,3,11367.497525840945,6005.019775390625
not_baseline_centered,6,30C__graphite_trial_4,30C,graphite,4,11367.497525840945,13477.940755208334
not_baseline_centered,6,30C__graphite_trial_5,30C,graphite,5,11367.497525840945,14928.7626953125
not_baseline_centered,6,30C__graphite_trial_6,30C,graphite,6,11367.497525840945,11023.239095052084
not_baseline_centered,6,40C__graphite_trial_1,40C,graphite,1,11367.497525840945,7283.618489583333
not_baseline_centered,6,40C__graphite_trial_2,40C,graphite,2,11367.497525840945,15991.131510416666
not_baseline_centered,6,40C__graphite_trial_3,40C,graphite,3,11367.497525840945,7378.471842447917
not_baseline_centered,6,40C__graphite_trial_4,40C,graphite,4,11367.497525840945,7637.775553385417
not_baseline_centered,6,40C__graphite_trial_5,40C,graphite,5,11367.497525840945,2920.138916015625
not_baseline_centered,6,40C__graphite_trial_6,40C,graphite,6,11367.497525840945,6861.98095703125
not_baseline_centered,6,50C__graphite_trial_1,50C,graphite,1,11367.497525840945,17924.042317708332
not_baseline_centered,6,50C__graphite_trial_2,50C,graphite,2,11367.497525840945,10208.72900390625
not_baseline_centered,6,50C__graphite_trial_3,50C,graphite,3,11367.497525840945,12477.60009765625
not_baseline_centered,6,50C__graphite_trial_4,50C,graphite,4,11367.497525840945,10977.142252604166
not_baseline_centered,6,50C__graphite_trial_5,50C,graphite,5,11367.497525840945,12001.918619791666
not_baseline_centered,6,50C__graphite_trial_6,50C,graphite,6,11367.497525840945,16606.2158203125
not_baseline_centered,6,60C__graphite_trial_1,60C,graphite,1,11367.497525840945,7121.932454427083
not_baseline_centered,6,60C__graphite_trial_2,60C,graphite,2,11367.497525840945,12476.895182291666
not_baseline_centered,6,60C__graphite_trial_3,60C,graphite,3,11367.497525840945,13248.48046875
not_baseline_centered,6,60C__graphite_trial_4,60C,graphite,4,11367.497525840945,14546.910807291666
not_baseline_centered,6,60C__graphite_trial_5,60C,graphite,5,11367.497525840945,14915.7041015625
not_baseline_centered,6,60C__graphite_trial_6,60C,graphite,6,11367.497525840945,14669.4326171875
baseline_centered,6,30C__graphite_trial_1,30C,graphite,1,11367.497525840945,13674.3095703125
baseline_centered,6,30C__graphite_trial_2,30C,graphite,2,11367.497525840945,24675.499348958332
baseline_centered,6,30C__graphite_trial_3,30C,graphite,3,11367.497525840945,12362.327473958334
baseline_centered,6,30C__graphite_trial_4,30C,graphite,4,11367.497525840945,12763.760416666666
baseline_centered,6,30C__graphite_trial_5,30C,graphite,5,11367.497525840945,17568.8076171875
baseline_centered,6,30C__graphite_trial_6,30C,graphite,6,11367.497525840945,16489.505859375
baseline_centered,6,40C__graphite_trial_1,40C,graphite,1,11367.497525840945,10050.9326171875
baseline_centered,6,40C__graphite_trial_2,40C,graphite,2,11367.497525840945,17249.740885416668
baseline_centered,6,40C__graphite_trial_3,40C,graphite,3,11367.497525840945,6247.94775390625
baseline_centered,6,40C__graphite_trial_4,40C,graphite,4,11367.497525840945,19223.760091145832
baseline_centered,6,40C__graphite_trial_5,40C,graphite,5,11367.497525840945,11694.695963541666
baseline_centered,6,40C__graphite_trial_6,40C,graphite,6,11367.497525840945,8736.44873046875
baseline_centered,6,50C__graphite_trial_1,50C,graphite,1,11367.497525840945,12119.1962890625
baseline_centered,6,50C__graphite_trial_2,50C,graphite,2,11367.497525840945,6942.33251953125
baseline_centered,6,50C__graphite_trial_3,50C,graphite,3,11367.497525840945,8924.431803385416
baseline_centered,6,50C__graphite_trial_4,50C,graphite,4,11367.497525840945,9099.232259114584
baseline_centered,6,50C__graphite_trial_5,50C,graphite,5,11367.497525840945,6453.728352864583
baseline_centered,6,50C__graphite_trial_6,50C,graphite,6,11367.497525840945,12374.884765625
baseline_centered,6,60C__graphite_trial_1,60C,graphite,1,11367.497525840945,7565.982747395833
baseline_centered,6,60C__graphite_trial_2,60C,graphite,2,11367.497525840945,14873.8642578125
baseline_centered,6,60C__graphite_trial_3,60C,graphite,3,11367.497525840945,13121.719401041666
baseline_centered,6,60C__graphite_trial_4,60C,graphite,4,11367.497525840945,11607.520833333334
baseline_centered,6,60C__graphite_trial_5,60C,graphite,5,11367.497525840945,9854.191731770834
baseline_centered,6,60C__graphite_trial_6,60C,graphite,6,11367.497525840945,18289.226888020832
not_baseline_centered,7,30C__gypsum_trial_1,30C,gypsum,1,385.01948002666046,383.16876220703125
not_baseline_centered,7,30C__gypsum_trial_2,30C,gypsum,2,385.01948002666046,325.5781555175781
not_baseline_centered,7,30C__gypsum_trial_3,30C,gypsum,3,385.01948002666046,337.10230509440106
not_baseline_centered,7,30C__gypsum_trial_4,30C,gypsum,4,385.01948002666046,372.4635925292969
not_baseline_centered,7,30C__gypsum_trial_5,30C,gypsum,5,385.01948002666046,346.3812561035156
not_baseline_centered,7,30C__gypsum_trial_6,30C,gypsum,6,385.01948002666046,344.7213948567708
not_baseline_centered,7,40C__gypsum_trial_1,40C,gypsum,1,385.01948002666046,275.92210896809894
not_baseline_centered,7,40C__gypsum_trial_2,40C,gypsum,2,385.01948002666046,270.8228708902995
not_baseline_centered,7,40C__gypsum_trial_3,40C,gypsum,3,385.01948002666046,349.19593302408856
not_baseline_centered,7,40C__gypsum_trial_4,40C,gypsum,4,385.01948002666046,437.2218017578125
not_baseline_centered,7,40C__gypsum_trial_5,40C,gypsum,5,385.01948002666046,613.2159423828125
not_baseline_centered,7,40C__gypsum_trial_6,40C,gypsum,6,385.01948002666046,544.9474385579427
not_baseline_centered,7,50C__gypsum_trial_1,50C,gypsum,1,385.01948002666046,655.2345784505209
not_baseline_centered,7,50C__gypsum_trial_2,50C,gypsum,2,385.01948002666046,716.8272908528646
not_baseline_centered,7,50C__gypsum_trial_3,50C,gypsum,3,385.01948002666046,1153.4267985026042
not_baseline_centered,7,50C__gypsum_trial_4,50C,gypsum,4,385.01948002666046,1294.2876383463542
not_baseline_centered,7,50C__gypsum_trial_5,50C,gypsum,5,385.01948002666046,1620.1869710286458
not_baseline_centered,7,50C__gypsum_trial_6,50C,gypsum,6,385.01948002666046,762.1364339192709
not_baseline_centered,7,60C__gypsum_trial_1,60C,gypsum,1,385.01948002666046,4424.937174479167
not_baseline_centered,7,60C__gypsum_trial_2,60C,gypsum,2,385.01948002666046,3362.0576985677085
not_baseline_centered,7,60C__gypsum_trial_3,60C,gypsum,3,385.01948002666046,4687.787923177083
not_baseline_centered,7,60C__gypsum_trial_4,60C,gypsum,4,385.01948002666046,4799.414143880208
not_baseline_centered,7,60C__gypsum_trial_5,60C,gypsum,5,385.01948002666046,4911.82421875
not_baseline_centered,7,60C__gypsum_trial_6,60C,gypsum,6,385.01948002666046,4215.813395182292
baseline_centered,7,30C__gypsum_trial_1,30C,gypsum,1,385.01948002666046,300.60301717122394
baseline_centered,7,30C__gypsum_trial_2,30C,gypsum,2,385.01948002666046,496.94775390625
baseline_centered,7,30C__gypsum_trial_3,30C,gypsum,3,385.01948002666046,301.1398468017578
baseline_centered,7,30C__gypsum_trial_4,30C,gypsum,4,385.01948002666046,292.0225575764974
baseline_centered,7,30C__gypsum_trial_5,30C,gypsum,5,385.01948002666046,312.66282145182294
baseline_centered,7,30C__gypsum_trial_6,30C,gypsum,6,385.01948002666046,295.0985921223958
baseline_centered,7,40C__gypsum_trial_1,40C,gypsum,1,385.01948002666046,332.4047546386719
baseline_centered,7,40C__gypsum_trial_2,40C,gypsum,2,385.01948002666046,373.82825724283856
baseline_centered,7,40C__gypsum_trial_3,40C,gypsum,3,385.01948002666046,314.4144592285156
baseline_centered,7,40C__gypsum_trial_4,40C,gypsum,4,385.01948002666046,469.58738199869794
baseline_centered,7,40C__gypsum_trial_5,40C,gypsum,5,385.01948002666046,602.3065999348959
baseline_centered,7,40C__gypsum_trial_6,40C,gypsum,6,385.01948002666046,548.1441548665365
baseline_centered,7,50C__gypsum_trial_1,50C,gypsum,1,385.01948002666046,838.905263264974
baseline_centered,7,50C__gypsum_trial_2,50C,gypsum,2,385.01948002666046,696.661610921224
baseline_centered,7,50C__gypsum_trial_3,50C,gypsum,3,385.01948002666046,1618.8353678385417
baseline_centered,7,50C__gypsum_trial_4,50C,gypsum,4,385.01948002666046,1686.3383382161458
baseline_centered,7,50C__gypsum_trial_5,50C,gypsum,5,385.01948002666046,1602.1039225260417
baseline_centered,7,50C__gypsum_trial_6,50C,gypsum,6,385.01948002666046,560.5255025227865
baseline_centered,7,60C__gypsum_trial_1,60C,gypsum,1,385.01948002666046,5897.618815104167
baseline_centered,7,60C__gypsum_trial_2,60C,gypsum,2,385.01948002666046,3602.11962890625
baseline_centered,7,60C__gypsum_trial_3,60C,gypsum,3,385.01948002666046,4271.761881510417
baseline_centered,7,60C__gypsum_trial_4,60C,gypsum,4,385.01948002666046,3827.0889485677085
baseline_centered,7,60C__gypsum_trial_5,60C,gypsum,5,385.01948002666046,3167.6361490885415
baseline_centered,7,60C__gypsum_trial_6,60C,gypsum,6,385.01948002666046,2811.1739908854165
not_baseline_centered,8,30C__iron_trial_1,30C,iron,1,16859.663413010356,23214.9921875
not_baseline_centered,8,30C__iron_trial_2,30C,iron,2,16859.663413010356,24540.511067708332
not_baseline_centered,8,30C__iron_trial_3,30C,iron,3,16859.663413010356,25608.577473958332
not_baseline_centered,8,30C__iron_trial_4,30C,iron,4,16859.663413010356,24784.472005208332
not_baseline_centered,8,30C__iron_trial_5,30C,iron,5,16859.663413010356,19566.791015625
not_baseline_centered,8,30C__iron_trial_6,30C,iron,6,16859.663413010356,25126.254557291668
not_baseline_centered,8,40C__iron_trial_1,40C,iron,1,16859.663413010356,11645.3662109375
not_baseline_centered,8,40C__iron_trial_2,40C,iron,2,16859.663413010356,18061.661458333332
not_baseline_centered,8,40C__iron_trial_3,40C,iron,3,16859.663413010356,16078.9716796875
not_baseline_centered,8,40C__iron_trial_4,40C,iron,4,16859.663413010356,12188.8056640625
not_baseline_centered,8,40C__iron_trial_5,40C,iron,5,16859.663413010356,19392.47265625
not_baseline_centered,8,40C__iron_trial_6,40C,iron,6,16859.663413010356,19198.873697916668
not_baseline_centered,8,50C__iron_trial_1,50C,iron,1,16859.663413010356,18023.189453125
not_baseline_centered,8,50C__iron_trial_2,50C,iron,2,16859.663413010356,17405.306640625
not_baseline_centered,8,50C__iron_trial_3,50C,iron,3,16859.663413010356,20669.307291666668
not_baseline_centered,8,50C__iron_trial_4,50C,iron,4,16859.663413010356,21597.861979166668
not_baseline_centered,8,50C__iron_trial_5,50C,iron,5,16859.663413010356,21060.232096354168
not_baseline_centered,8,50C__iron_trial_6,50C,iron,6,16859.663413010356,24619.945963541668
not_baseline_centered,8,60C__iron_trial_1,60C,iron,1,16859.663413010356,29043.713541666668
not_baseline_centered,8,60C__iron_trial_2,60C,iron,2,16859.663413010356,24920.682942708332
not_baseline_centered,8,60C__iron_trial_3,60C,iron,3,16859.663413010356,19762.702473958332
not_baseline_centered,8,60C__iron_trial_4,60C,iron,4,16859.663413010356,12474.053059895834
not_baseline_centered,8,60C__iron_trial_5,60C,iron,5,16859.663413010356,19542.946614583332
not_baseline_centered,8,60C__iron_trial_6,60C,iron,6,16859.663413010356,23369.951497395832
baseline_centered,8,30C__iron_trial_1,30C,iron,1,16859.663413010356,20541.042317708332
baseline_centered,8,30C__iron_trial_2,30C,iron,2,16859.663413010356,16683.6171875
baseline_centered,8,30C__iron_trial_3,30C,iron,3,16859.663413010356,18767.648763020832
baseline_centered,8,30C__iron_trial_4,30C,iron,4,16859.663413010356,20669.578125
baseline_centered,8,30C__iron_trial_5,30C,iron,5,16859.663413010356,8737.298665364584
baseline_centered,8,30C__iron_trial_6,30C,iron,6,16859.663413010356,15401.514322916666
baseline_centered,8,40C__iron_trial_1,40C,iron,1,16859.663413010356,8878.870930989584
baseline_centered,8,40C__iron_trial_2,40C,iron,2,16859.663413010356,5397.273600260417
baseline_centered,8,40C__iron_trial_3,40C,iron,3,16859.663413010356,5532.818359375
baseline_centered,8,40C__iron_trial_4,40C,iron,4,16859.663413010356,10365.55859375
baseline_centered,8,40C__iron_trial_5,40C,iron,5,16859.663413010356,16668.263346354168
baseline_centered,8,40C__iron_trial_6,40C,iron,6,16859.663413010356,14082.3740234375
baseline_centered,8,50C__iron_trial_1,50C,iron,1,16859.663413010356,16841.32421875
baseline_centered,8,50C__iron_trial_2,50C,iron,2,16859.663413010356,18071.910807291668
baseline_centered,8,50C__iron_trial_3,50C,iron,3,16859.663413010356,15434.1064453125
baseline_centered,8,50C__iron_trial_4,50C,iron,4,16859.663413010356,17277.072591145832
baseline_centered,8,50C__iron_trial_5,50C,iron,5,16859.663413010356,19048.333333333332
baseline_centered,8,50C__iron_trial_6,50C,iron,6,16859.663413010356,19547.173177083332
baseline_centered,8,60C__iron_trial_1,60C,iron,1,16859.663413010356,23892.7578125
baseline_centered,8,60C__iron_trial_2,60C,iron,2,16859.663413010356,21409.505208333332
baseline_centered,8,60C__iron_trial_3,60C,iron,3,16859.663413010356,12871.474283854166
baseline_centered,8,60C__iron_trial_4,60C,iron,4,16859.663413010356,20657.5703125
baseline_centered,8,60C__iron_trial_5,60C,iron,5,16859.663413010356,23565.237630208332
baseline_centered,8,60C__iron_trial_6,60C,iron,6,16859.663413010356,23953.223958333332
not_baseline_centered,9,30C__nickel_trial_1,30C,nickel,1,19320.68449098013,10415.464518229166
not_baseline_centered,9,30C__nickel_trial_2,30C,nickel,2,19320.68449098013,11356.6123046875
not_baseline_centered,9,30C__nickel_trial_3,30C,nickel,3,19320.68449098013,15617.254231770834
not_baseline_centered,9,30C__nickel_trial_4,30C,nickel,4,19320.68449098013,10421.711100260416
not_baseline_centered,9,30C__nickel_trial_5,30C,nickel,5,19320.68449098013,13539.358561197916
not_baseline_centered,9,30C__nickel_trial_6,30C,nickel,6,19320.68449098013,20741.524739583332
not_baseline_centered,9,40C__nickel_trial_1,40C,nickel,1,19320.68449098013,12400.693033854166
not_baseline_centered,9,40C__nickel_trial_2,40C,nickel,2,19320.68449098013,6296.135416666667
not_baseline_centered,9,40C__nickel_trial_3,40C,nickel,3,19320.68449098013,19304.962239583332
not_baseline_centered,9,40C__nickel_trial_4,40C,nickel,4,19320.68449098013,22195.068359375
not_baseline_centered,9,40C__nickel_trial_5,40C,nickel,5,19320.68449098013,11638.805989583334
not_baseline_centered,9,40C__nickel_trial_6,40C,nickel,6,19320.68449098013,20043.846354166668
not_baseline_centered,9,50C__nickel_trial_1,50C,nickel,1,19320.68449098013,12386.252604166666
not_baseline_centered,9,50C__nickel_trial_2,50C,nickel,2,19320.68449098013,14872.69140625
not_baseline_centered,9,50C__nickel_trial_3,50C,nickel,3,19320.68449098013,14558.486328125
not_baseline_centered,9,50C__nickel_trial_4,50C,nickel,4,19320.68449098013,18097.625
not_baseline_centered,9,50C__nickel_trial_5,50C,nickel,5,19320.68449098013,12441.011393229166
not_baseline_centered,9,50C__nickel_trial_6,50C,nickel,6,19320.68449098013,16951.1279296875
not_baseline_centered,9,60C__nickel_trial_1,60C,nickel,1,19320.68449098013,11215.697265625
not_baseline_centered,9,60C__nickel_trial_2,60C,nickel,2,19320.68449098013,18638.892903645832
not_baseline_centered,9,60C__nickel_trial_3,60C,nickel,3,19320.68449098013,11454.624674479166
not_baseline_centered,9,60C__nickel_trial_4,60C,nickel,4,19320.68449098013,20470.017578125
not_baseline_centered,9,60C__nickel_trial_5,60C,nickel,5,19320.68449098013,25010.546875
not_baseline_centered,9,60C__nickel_trial_6,60C,nickel,6,19320.68449098013,16932.164388020832
baseline_centered,9,30C__nickel_trial_1,30C,nickel,1,19320.68449098013,17702.693033854168
baseline_centered,9,30C__nickel_trial_2,30C,nickel,2,19320.68449098013,18479.682291666668
baseline_centered,9,30C__nickel_trial_3,30C,nickel,3,19320.68449098013,12793.361002604166
baseline_centered,9,30C__nickel_trial_4,30C,nickel,4,19320.68449098013,8203.090494791666
baseline_centered,9,30C__nickel_trial_5,30C,nickel,5,19320.68449098013,8240.690022786459
baseline_centered,9,30C__nickel_trial_6,30C,nickel,6,19320.68449098013,17606.7880859375
baseline_centered,9,40C__nickel_trial_1,40C,nickel,1,19320.68449098013,6874.269856770833
baseline_centered,9,40C__nickel_trial_2,40C,nickel,2,19320.68449098013,8250.770670572916
baseline_centered,9,40C__nickel_trial_3,40C,nickel,3,19320.68449098013,13577.098958333334
baseline_centered,9,40C__nickel_trial_4,40C,nickel,4,19320.68449098013,19899.551432291668
baseline_centered,9,40C__nickel_trial_5,40C,nickel,5,19320.68449098013,10683.922526041666
baseline_centered,9,40C__nickel_trial_6,40C,nickel,6,19320.68449098013,15808.783203125
baseline_centered,9,50C__nickel_trial_1,50C,nickel,1,19320.68449098013,14200.7109375
baseline_centered,9,50C__nickel_trial_2,50C,nickel,2,19320.68449098013,15368.191080729166
baseline_centered,9,50C__nickel_trial_3,50C,nickel,3,19320.68449098013,11424.412434895834
baseline_centered,9,50C__nickel_trial_4,50C,nickel,4,19320.68449098013,17677.0439453125
baseline_centered,9,50C__nickel_trial_5,50C,nickel,5,19320.68449098013,9530.486165364584
baseline_centered,9,50C__nickel_trial_6,50C,nickel,6,19320.68449098013,19294.518880208332
baseline_centered,9,60C__nickel_trial_1,60C,nickel,1,19320.68449098013,13305.314127604166
baseline_centered,9,60C__nickel_trial_2,60C,nickel,2,19320.68449098013,16888.672526041668
baseline_centered,9,60C__nickel_trial_3,60C,nickel,3,19320.68449098013,9157.24609375
baseline_centered,9,60C__nickel_trial_4,60C,nickel,4,19320.68449098013,21712.874348958332
baseline_centered,9,60C__nickel_trial_5,60C,nickel,5,19320.68449098013,23419.255859375
baseline_centered,9,60C__nickel_trial_6,60C,nickel,6,19320.68449098013,14723.44921875
not_baseline_centered,10,30C__pdms_trial_1,30C,pdms,1,460.90129095067635,185.2395985921224
not_baseline_centered,10,30C__pdms_trial_2,30C,pdms,2,460.90129095067635,246.37637329101562
not_baseline_centered,10,30C__pdms_trial_3,30C,pdms,3,460.90129095067635,166.93948364257812
not_baseline_centered,10,30C__pdms_trial_4,30C,pdms,4,460.90129095067635,44.9894650777181
not_baseline_centered,10,30C__pdms_trial_5,30C,pdms,5,460.90129095067635,68.57306543986003
not_baseline_centered,10,30C__pdms_trial_6,30C,pdms,6,460.90129095067635,105.99471537272136
not_baseline_centered,10,40C__pdms_trial_1,40C,pdms,1,460.90129095067635,439.16843668619794
not_baseline_centered,10,40C__pdms_trial_2,40C,pdms,2,460.90129095067635,472.46204630533856
not_baseline_centered,10,40C__pdms_trial_3,40C,pdms,3,460.90129095067635,473.8803202311198
not_baseline_centered,10,40C__pdms_trial_4,40C,pdms,4,460.90129095067635,379.771484375
not_baseline_centered,10,40C__pdms_trial_5,40C,pdms,5,460.90129095067635,173.7387669881185
not_baseline_centered,10,40C__pdms_trial_6,40C,pdms,6,460.90129095067635,498.47263590494794
not_baseline_centered,10,50C__pdms_trial_1,50C,pdms,1,460.90129095067635,226.81495157877603
not_baseline_centered,10,50C__pdms_trial_2,50C,pdms,2,460.90129095067635,207.36681111653647
not_baseline_centered,10,50C__pdms_trial_3,50C,pdms,3,460.90129095067635,313.1589660644531
not_baseline_centered,10,50C__pdms_trial_4,50C,pdms,4,460.90129095067635,312.0069173177083
not_baseline_centered,10,50C__pdms_trial_5,50C,pdms,5,460.90129095067635,302.28692626953125
not_baseline_centered,10,50C__pdms_trial_6,50C,pdms,6,460.90129095067635,330.76328531901044
not_baseline_centered,10,60C__pdms_trial_1,60C,pdms,1,460.90129095067635,315.8400166829427
not_baseline_centered,10,60C__pdms_trial_2,60C,pdms,2,460.90129095067635,328.16290283203125
not_baseline_centered,10,60C__pdms_trial_3,60C,pdms,3,460.90129095067635,339.05433146158856
not_baseline_centered,10,60C__pdms_trial_4,60C,pdms,4,460.90129095067635,306.35814412434894
not_baseline_centered,10,60C__pdms_trial_5,60C,pdms,5,460.90129095067635,241.77540588378906
not_baseline_centered,10,60C__pdms_trial_6,60C,pdms,6,460.90129095067635,227.58358764648438
baseline_centered,10,30C__pdms_trial_1,30C,pdms,1,460.90129095067635,187.29642740885416
baseline_centered,10,30C__pdms_trial_2,30C,pdms,2,460.90129095067635,146.0241953531901
baseline_centered,10,30C__pdms_trial_3,30C,pdms,3,460.90129095067635,176.7433827718099
baseline_centered,10,30C__pdms_trial_4,30C,pdms,4,460.90129095067635,63.04753621419271
baseline_centered,10,30C__pdms_trial_5,30C,pdms,5,460.90129095067635,75.03298568725586
baseline_centered,10,30C__pdms_trial_6,30C,pdms,6,460.90129095067635,113.0787353515625
baseline_centered,10,40C__pdms_trial_1,40C,pdms,1,460.90129095067635,443.059814453125
baseline_centered,10,40C__pdms_trial_2,40C,pdms,2,460.90129095067635,460.7150370279948
baseline_centered,10,40C__pdms_trial_3,40C,pdms,3,460.90129095067635,440.2913513183594
baseline_centered,10,40C__pdms_trial_4,40C,pdms,4,460.90129095067635,489.6456705729167
baseline_centered,10,40C__pdms_trial_5,40C,pdms,5,460.90129095067635,230.36833699544272
baseline_centered,10,40C__pdms_trial_6,40C,pdms,6,460.90129095067635,483.19846598307294
baseline_centered,10,50C__pdms_trial_1,50C,pdms,1,460.90129095067635,195.16375732421875
baseline_centered,10,50C__pdms_trial_2,50C,pdms,2,460.90129095067635,203.08856201171875
baseline_centered,10,50C__pdms_trial_3,50C,pdms,3,460.90129095067635,317.09307861328125
baseline_centered,10,50C__pdms_trial_4,50C,pdms,4,460.90129095067635,306.01368204752606
baseline_centered,10,50C__pdms_trial_5,50C,pdms,5,460.90129095067635,226.15614318847656
baseline_centered,10,50C__pdms_trial_6,50C,pdms,6,460.90129095067635,296.4150899251302
baseline_centered,10,60C__pdms_trial_1,60C,pdms,1,460.90129095067635,265.1627248128255
baseline_centered,10,60C__pdms_trial_2,60C,pdms,2,460.90129095067635,251.28707885742188
baseline_centered,10,60C__pdms_trial_3,60C,pdms,3,460.90129095067635,225.81957499186197
baseline_centered,10,60C__pdms_trial_4,60C,pdms,4,460.90129095067635,254.54500834147134
baseline_centered,10,60C__pdms_trial_5,60C,pdms,5,460.90129095067635,174.312255859375
baseline_centered,10,60C__pdms_trial_6,60C,pdms,6,460.90129095067635,174.26077270507812
not_baseline_centered,11,30C__ps_foam_trial_1,30C,ps_foam,1,34.496376621320685,356.85694885253906
not_baseline_centered,11,30C__ps_foam_trial_2,30C,ps_foam,2,34.496376621320685,414.8313700358073
not_baseline_centered,11,30C__ps_foam_trial_3,30C,ps_foam,3,34.496376621320685,277.7642313639323
not_baseline_centered,11,30C__ps_foam_trial_4,30C,ps_foam,4,34.496376621320685,472.7618713378906
not_baseline_centered,11,30C__ps_foam_trial_5,30C,ps_foam,5,34.496376621320685,337.2076822916667
not_baseline_centered,11,30C__ps_foam_trial_6,30C,ps_foam,6,34.496376621320685,415.01413981119794
not_baseline_centered,11,40C__ps_foam_trial_1,40C,ps_foam,1,34.496376621320685,46.073285371850126
not_baseline_centered,11,40C__ps_foam_trial_2,40C,ps_foam,2,34.496376621320685,48.865459393253126
not_baseline_centered,11,40C__ps_foam_trial_3,40C,ps_foam,3,34.496376621320685,55.61353678583125
not_baseline_centered,11,40C__ps_foam_trial_4,40C,ps_foam,4,34.496376621320685,335.6703236897786
not_baseline_centered,11,40C__ps_foam_trial_5,40C,ps_foam,5,34.496376621320685,188.2530059814453
not_baseline_centered,11,40C__ps_foam_trial_6,40C,ps_foam,6,34.496376621320685,137.0803451538086
not_baseline_centered,11,50C__ps_foam_trial_1,50C,ps_foam,1,34.496376621320685,49.31237910348216
not_baseline_centered,11,50C__ps_foam_trial_2,50C,ps_foam,2,34.496376621320685,43.79593140043854
not_baseline_centered,11,50C__ps_foam_trial_3,50C,ps_foam,3,34.496376621320685,43.6595572447582
not_baseline_centered,11,50C__ps_foam_trial_4,50C,ps_foam,4,34.496376621320685,48.42591720976471
not_baseline_centered,11,50C__ps_foam_trial_5,50C,ps_foam,5,34.496376621320685,52.368988037109375
not_baseline_centered,11,50C__ps_foam_trial_6,50C,ps_foam,6,34.496376621320685,42.49705872175155
not_baseline_centered,11,60C__ps_foam_trial_1,60C,ps_foam,1,34.496376621320685,463.94203694661456
not_baseline_centered,11,60C__ps_foam_trial_2,60C,ps_foam,2,34.496376621320685,304.1370035807292
not_baseline_centered,11,60C__ps_foam_trial_3,60C,ps_foam,3,34.496376621320685,309.9553578694661
not_baseline_centered,11,60C__ps_foam_trial_4,60C,ps_foam,4,34.496376621320685,120.6665751139323
not_baseline_centered,11,60C__ps_foam_trial_5,60C,ps_foam,5,34.496376621320685,190.23772684733072
not_baseline_centered,11,60C__ps_foam_trial_6,60C,ps_foam,6,34.496376621320685,261.8208414713542
baseline_centered,11,30C__ps_foam_trial_1,30C,ps_foam,1,34.496376621320685,280.21251424153644
baseline_centered,11,30C__ps_foam_trial_2,30C,ps_foam,2,34.496376621320685,286.466303507487
baseline_centered,11,30C__ps_foam_trial_3,30C,ps_foam,3,34.496376621320685,250.62562561035156
baseline_centered,11,30C__ps_foam_trial_4,30C,ps_foam,4,34.496376621320685,379.1158040364583
baseline_centered,11,30C__ps_foam_trial_5,30C,ps_foam,5,34.496376621320685,358.3107655843099
baseline_centered,11,30C__ps_foam_trial_6,30C,ps_foam,6,34.496376621320685,328.5780436197917
baseline_centered,11,40C__ps_foam_trial_1,40C,ps_foam,1,34.496376621320685,67.95277659098308
baseline_centered,11,40C__ps_foam_trial_2,40C,ps_foam,2,34.496376621320685,88.47283681233723
baseline_centered,11,40C__ps_foam_trial_3,40C,ps_foam,3,34.496376621320685,76.11644872029622
baseline_centered,11,40C__ps_foam_trial_4,40C,ps_foam,4,34.496376621320685,163.6703338623047
baseline_centered,11,40C__ps_foam_trial_5,40C,ps_foam,5,34.496376621320685,105.58666229248047
baseline_centered,11,40C__ps_foam_trial_6,40C,ps_foam,6,34.496376621320685,150.49103291829428
baseline_centered,11,50C__ps_foam_trial_1,50C,ps_foam,1,34.496376621320685,42.49705872175155
baseline_centered,11,50C__ps_foam_trial_2,50C,ps_foam,2,34.496376621320685,50.89897155761719
baseline_centered,11,50C__ps_foam_trial_3,50C,ps_foam,3,34.496376621320685,49.50625864664713
baseline_centered,11,50C__ps_foam_trial_4,50C,ps_foam,4,34.496376621320685,42.49705872175155
baseline_centered,11,50C__ps_foam_trial_5,50C,ps_foam,5,34.496376621320685,84.16933695475261
baseline_centered,11,50C__ps_foam_trial_6,50C,ps_foam,6,34.496376621320685,46.22038650512695
baseline_centered,11,60C__ps_foam_trial_1,60C,ps_foam,1,34.496376621320685,59.35650761922201
baseline_centered,11,60C__ps_foam_trial_2,60C,ps_foam,2,34.496376621320685,51.43466567993164
baseline_centered,11,60C__ps_foam_trial_3,60C,ps_foam,3,34.496376621320685,42.49705872175155
baseline_centered,11,60C__ps_foam_trial_4,60C,ps_foam,4,34.496376621320685,47.13963562407135
baseline_centered,11,60C__ps_foam_trial_5,60C,ps_foam,5,34.496376621320685,53.25375747680664
baseline_centered,11,60C__ps_foam_trial_6,60C,ps_foam,6,34.496376621320685,57.838330586751304
not_baseline_centered,12,30C__pu_foam_trial_1,30C,pu_foam,1,42.49705872175155,233.83357747395834
not_baseline_centered,12,30C__pu_foam_trial_2,30C,pu_foam,2,42.49705872175155,187.06280263264975
not_baseline_centered,12,30C__pu_foam_trial_3,30C,pu_foam,3,42.49705872175155,285.41021219889325
not_baseline_centered,12,30C__pu_foam_trial_4,30C,pu_foam,4,42.49705872175155,198.7185516357422
not_baseline_centered,12,30C__pu_foam_trial_5,30C,pu_foam,5,42.49705872175155,357.80714925130206
not_baseline_centered,12,30C__pu_foam_trial_6,30C,pu_foam,6,42.49705872175155,219.26781209309897
not_baseline_centered,12,40C__pu_foam_trial_1,40C,pu_foam,1,42.49705872175155,69.64508438110352
not_baseline_centered,12,40C__pu_foam_trial_2,40C,pu_foam,2,42.49705872175155,75.9225476582845
not_baseline_centered,12,40C__pu_foam_trial_3,40C,pu_foam,3,42.49705872175155,80.72945912679036
not_baseline_centered,12,40C__pu_foam_trial_4,40C,pu_foam,4,42.49705872175155,120.21983083089192
not_baseline_centered,12,40C__pu_foam_trial_5,40C,pu_foam,5,42.49705872175155,56.602867126464844
not_baseline_centered,12,40C__pu_foam_trial_6,40C,pu_foam,6,42.49705872175155,84.9904556274414
not_baseline_centered,12,50C__pu_foam_trial_1,50C,pu_foam,1,42.49705872175155,142.56185913085938
not_baseline_centered,12,50C__pu_foam_trial_2,50C,pu_foam,2,42.49705872175155,109.29385121663411
not_baseline_centered,12,50C__pu_foam_trial_3,50C,pu_foam,3,42.49705872175155,125.36087799072266
not_baseline_centered,12,50C__pu_foam_trial_4,50C,pu_foam,4,42.49705872175155,73.17483520507812
not_baseline_centered,12,50C__pu_foam_trial_5,50C,pu_foam,5,42.49705872175155,69.25035730997722
not_baseline_centered,12,50C__pu_foam_trial_6,50C,pu_foam,6,42.49705872175155,67.01964314778645
not_baseline_centered,12,60C__pu_foam_trial_1,60C,pu_foam,1,42.49705872175155,116.18599446614583
not_baseline_centered,12,60C__pu_foam_trial_2,60C,pu_foam,2,42.49705872175155,2622.8865966796875
not_baseline_centered,12,60C__pu_foam_trial_3,60C,pu_foam,3,42.49705872175155,244.16594441731772
not_baseline_centered,12,60C__pu_foam_trial_4,60C,pu_foam,4,42.49705872175155,103.07706451416016
not_baseline_centered,12,60C__pu_foam_trial_5,60C,pu_foam,5,42.49705872175155,128.78317260742188
not_baseline_centered,12,60C__pu_foam_trial_6,60C,pu_foam,6,42.49705872175155,154.62239837646484
baseline_centered,12,30C__pu_foam_trial_1,30C,pu_foam,1,42.49705872175155,175.05040486653647
baseline_centered,12,30C__pu_foam_trial_2,30C,pu_foam,2,42.49705872175155,91.70045979817708
baseline_centered,12,30C__pu_foam_trial_3,30C,pu_foam,3,42.49705872175155,78.89039103190105
baseline_centered,12,30C__pu_foam_trial_4,30C,pu_foam,4,42.49705872175155,84.75838979085286
baseline_centered,12,30C__pu_foam_trial_5,30C,pu_foam,5,42.49705872175155,157.55789693196616
baseline_centered,12,30C__pu_foam_trial_6,30C,pu_foam,6,42.49705872175155,191.3380381266276
baseline_centered,12,40C__pu_foam_trial_1,40C,pu_foam,1,42.49705872175155,91.35163116455078
baseline_centered,12,40C__pu_foam_trial_2,40C,pu_foam,2,42.49705872175155,98.25789642333984
baseline_centered,12,40C__pu_foam_trial_3,40C,pu_foam,3,42.49705872175155,90.49245198567708
baseline_centered,12,40C__pu_foam_trial_4,40C,pu_foam,4,42.49705872175155,120.041015625
baseline_centered,12,40C__pu_foam_trial_5,40C,pu_foam,5,42.49705872175155,64.38767115275066
baseline_centered,12,40C__pu_foam_trial_6,40C,pu_foam,6,42.49705872175155,100.7627944946289
baseline_centered,12,50C__pu_foam_trial_1,50C,pu_foam,1,42.49705872175155,121.38009389241536
baseline_centered,12,50C__pu_foam_trial_2,50C,pu_foam,2,42.49705872175155,110.79356638590495
baseline_centered,12,50C__pu_foam_trial_3,50C,pu_foam,3,42.49705872175155,138.00254821777344
baseline_centered,12,50C__pu_foam_trial_4,50C,pu_foam,4,42.49705872175155,112.51420593261719
baseline_centered,12,50C__pu_foam_trial_5,50C,pu_foam,5,42.49705872175155,86.68915303548177
baseline_centered,12,50C__pu_foam_trial_6,50C,pu_foam,6,42.49705872175155,81.74800109863281
baseline_centered,12,60C__pu_foam_trial_1,60C,pu_foam,1,42.49705872175155,126.08089955647786
baseline_centered,12,60C__pu_foam_trial_2,60C,pu_foam,2,42.49705872175155,2624.58203125
baseline_centered,12,60C__pu_foam_trial_3,60C,pu_foam,3,42.49705872175155,102.21091969807942
baseline_centered,12,60C__pu_foam_trial_4,60C,pu_foam,4,42.49705872175155,128.59615071614584
baseline_centered,12,60C__pu_foam_trial_5,60C,pu_foam,5,42.49705872175155,102.03822072347005
baseline_centered,12,60C__pu_foam_trial_6,60C,pu_foam,6,42.49705872175155,110.94380187988281
not_baseline_centered,13,30C__titanium_trial_1,30C,titanium,1,7184.0359269702985,5740.947184244792
not_baseline_centered,13,30C__titanium_trial_2,30C,titanium,2,7184.0359269702985,4517.013671875
not_baseline_centered,13,30C__titanium_trial_3,30C,titanium,3,7184.0359269702985,2066.8055419921875
not_baseline_centered,13,30C__titanium_trial_4,30C,titanium,4,7184.0359269702985,6167.599283854167
not_baseline_centered,13,30C__titanium_trial_5,30C,titanium,5,7184.0359269702985,8338.493326822916
not_baseline_centered,13,30C__titanium_trial_6,30C,titanium,6,7184.0359269702985,6798.314453125
not_baseline_centered,13,40C__titanium_trial_1,40C,titanium,1,7184.0359269702985,11500.314127604166
not_baseline_centered,13,40C__titanium_trial_2,40C,titanium,2,7184.0359269702985,11924.327473958334
not_baseline_centered,13,40C__titanium_trial_3,40C,titanium,3,7184.0359269702985,12250.040690104166
not_baseline_centered,13,40C__titanium_trial_4,40C,titanium,4,7184.0359269702985,4484.798014322917
not_baseline_centered,13,40C__titanium_trial_5,40C,titanium,5,7184.0359269702985,14889.787760416666
not_baseline_centered,13,40C__titanium_trial_6,40C,titanium,6,7184.0359269702985,17632.773763020832
not_baseline_centered,13,50C__titanium_trial_1,50C,titanium,1,7184.0359269702985,10022.529947916666
not_baseline_centered,13,50C__titanium_trial_2,50C,titanium,2,7184.0359269702985,7073.91650390625
not_baseline_centered,13,50C__titanium_trial_3,50C,titanium,3,7184.0359269702985,12469.902669270834
not_baseline_centered,13,50C__titanium_trial_4,50C,titanium,4,7184.0359269702985,14471.669270833334
not_baseline_centered,13,50C__titanium_trial_5,50C,titanium,5,7184.0359269702985,10401.042643229166
not_baseline_centered,13,50C__titanium_trial_6,50C,titanium,6,7184.0359269702985,13004.544596354166
not_baseline_centered,13,60C__titanium_trial_1,60C,titanium,1,7184.0359269702985,8650.695475260416
not_baseline_centered,13,60C__titanium_trial_2,60C,titanium,2,7184.0359269702985,11609.236653645834
not_baseline_centered,13,60C__titanium_trial_3,60C,titanium,3,7184.0359269702985,9093.328938802084
not_baseline_centered,13,60C__titanium_trial_4,60C,titanium,4,7184.0359269702985,12943.597005208334
not_baseline_centered,13,60C__titanium_trial_5,60C,titanium,5,7184.0359269702985,10735.2099609375
not_baseline_centered,13,60C__titanium_trial_6,60C,titanium,6,7184.0359269702985,9820.46484375
baseline_centered,13,30C__titanium_trial_1,30C,titanium,1,7184.0359269702985,14861.080729166666
baseline_centered,13,30C__titanium_trial_2,30C,titanium,2,7184.0359269702985,9787.771321614584
baseline_centered,13,30C__titanium_trial_3,30C,titanium,3,7184.0359269702985,882.7723388671875
baseline_centered,13,30C__titanium_trial_4,30C,titanium,4,7184.0359269702985,4860.8505859375
baseline_centered,13,30C__titanium_trial_5,30C,titanium,5,7184.0359269702985,6507.936360677083
baseline_centered,13,30C__titanium_trial_6,30C,titanium,6,7184.0359269702985,4535.922932942708
baseline_centered,13,40C__titanium_trial_1,40C,titanium,1,7184.0359269702985,8673.387532552084
baseline_centered,13,40C__titanium_trial_2,40C,titanium,2,7184.0359269702985,11804.649088541666
baseline_centered,13,40C__titanium_trial_3,40C,titanium,3,7184.0359269702985,7566.627278645833
baseline_centered,13,40C__titanium_trial_4,40C,titanium,4,7184.0359269702985,8309.873372395834
baseline_centered,13,40C__titanium_trial_5,40C,titanium,5,7184.0359269702985,11815.026692708334
baseline_centered,13,40C__titanium_trial_6,40C,titanium,6,7184.0359269702985,19520.069661458332
baseline_centered,13,50C__titanium_trial_1,50C,titanium,1,7184.0359269702985,10890.074055989584
baseline_centered,13,50C__titanium_trial_2,50C,titanium,2,7184.0359269702985,10587.247884114584
baseline_centered,13,50C__titanium_trial_3,50C,titanium,3,7184.0359269702985,18379.0439453125
baseline_centered,13,50C__titanium_trial_4,50C,titanium,4,7184.0359269702985,14748.439127604166
baseline_centered,13,50C__titanium_trial_5,50C,titanium,5,7184.0359269702985,15376.518880208334
baseline_centered,13,50C__titanium_trial_6,50C,titanium,6,7184.0359269702985,15736.361002604166
baseline_centered,13,60C__titanium_trial_1,60C,titanium,1,7184.0359269702985,11757.384440104166
baseline_centered,13,60C__titanium_trial_2,60C,titanium,2,7184.0359269702985,12498.358072916666
baseline_centered,13,60C__titanium_trial_3,60C,titanium,3,7184.0359269702985,9500.902180989584
baseline_centered,13,60C__titanium_trial_4,60C,titanium,4,7184.0359269702985,10010.574869791666
baseline_centered,13,60C__titanium_trial_5,60C,titanium,5,7184.0359269702985,11319.431315104166
baseline_centered,13,60C__titanium_trial_6,60C,titanium,6,7184.0359269702985,9896.097330729166
not_baseline_centered,14,30C__wood_trial_1,30C,wood,1,422.49260348555214,80.97312418619792
not_baseline_centered,14,30C__wood_trial_2,30C,wood,2,422.49260348555214,123.9987564086914
not_baseline_centered,14,30C__wood_trial_3,30C,wood,3,422.49260348555214,140.0653279622396
not_baseline_centered,14,30C__wood_trial_4,30C,wood,4,422.49260348555214,91.33076477050781
not_baseline_centered,14,30C__wood_trial_5,30C,wood,5,422.49260348555214,169.74919637044272
not_baseline_centered,14,30C__wood_trial_6,30C,wood,6,422.49260348555214,188.93295288085938
not_baseline_centered,14,40C__wood_trial_1,40C,wood,1,422.49260348555214,240.71416727701822
not_baseline_centered,14,40C__wood_trial_2,40C,wood,2,422.49260348555214,160.97938028971353
not_baseline_centered,14,40C__wood_trial_3,40C,wood,3,422.49260348555214,118.36817932128906
not_baseline_centered,14,40C__wood_trial_4,40C,wood,4,422.49260348555214,77.8948491414388
not_baseline_centered,14,40C__wood_trial_5,40C,wood,5,422.49260348555214,217.54500834147134
not_baseline_centered,14,40C__wood_trial_6,40C,wood,6,422.49260348555214,212.9323933919271
not_baseline_centered,14,50C__wood_trial_1,50C,wood,1,422.49260348555214,305.38427734375
not_baseline_centered,14,50C__wood_trial_2,50C,wood,2,422.49260348555214,248.1190439860026
not_baseline_centered,14,50C__wood_trial_3,50C,wood,3,422.49260348555214,273.8247578938802
not_baseline_centered,14,50C__wood_trial_4,50C,wood,4,422.49260348555214,259.4894714355469
not_baseline_centered,14,50C__wood_trial_5,50C,wood,5,422.49260348555214,238.64337158203125
not_baseline_centered,14,50C__wood_trial_6,50C,wood,6,422.49260348555214,160.95093790690103
not_baseline_centered,14,60C__wood_trial_1,60C,wood,1,422.49260348555214,1754.447245279948
not_baseline_centered,14,60C__wood_trial_2,60C,wood,2,422.49260348555214,1298.2494099934895
not_baseline_centered,14,60C__wood_trial_3,60C,wood,3,422.49260348555214,1133.6150919596355
not_baseline_centered,14,60C__wood_trial_4,60C,wood,4,422.49260348555214,860.8776448567709
not_baseline_centered,14,60C__wood_trial_5,60C,wood,5,422.49260348555214,806.4379475911459
not_baseline_centered,14,60C__wood_trial_6,60C,wood,6,422.49260348555214,572.4748128255209
baseline_centered,14,30C__wood_trial_1,30C,wood,1,422.49260348555214,79.70787811279297
baseline_centered,14,30C__wood_trial_2,30C,wood,2,422.49260348555214,120.6352310180664
baseline_centered,14,30C__wood_trial_3,30C,wood,3,422.49260348555214,167.4969482421875
baseline_centered,14,30C__wood_trial_4,30C,wood,4,422.49260348555214,82.50400288899739
baseline_centered,14,30C__wood_trial_5,30C,wood,5,422.49260348555214,140.6936238606771
baseline_centered,14,30C__wood_trial_6,30C,wood,6,422.49260348555214,204.93191528320312
baseline_centered,14,40C__wood_trial_1,40C,wood,1,422.49260348555214,205.71367899576822
baseline_centered,14,40C__wood_trial_2,40C,wood,2,422.49260348555214,159.11548868815103
baseline_centered,14,40C__wood_trial_3,40C,wood,3,422.49260348555214,141.9155298868815
baseline_centered,14,40C__wood_trial_4,40C,wood,4,422.49260348555214,169.54748026529947
baseline_centered,14,40C__wood_trial_5,40C,wood,5,422.49260348555214,286.9861551920573
baseline_centered,14,40C__wood_trial_6,40C,wood,6,422.49260348555214,356.84022013346356
baseline_centered,14,50C__wood_trial_1,50C,wood,1,422.49260348555214,227.60071818033853
baseline_centered,14,50C__wood_trial_2,50C,wood,2,422.49260348555214,179.55164591471353
baseline_centered,14,50C__wood_trial_3,50C,wood,3,422.49260348555214,213.9158935546875
baseline_centered,14,50C__wood_trial_4,50C,wood,4,422.49260348555214,155.76441955566406
baseline_centered,14,50C__wood_trial_5,50C,wood,5,422.49260348555214,189.69046020507812
baseline_centered,14,50C__wood_trial_6,50C,wood,6,422.49260348555214,149.7971954345703
baseline_centered,14,60C__wood_trial_1,60C,wood,1,422.49260348555214,5069.727701822917
baseline_centered,14,60C__wood_trial_2,60C,wood,2,422.49260348555214,2801.510498046875
baseline_centered,14,60C__wood_trial_3,60C,wood,3,422.49260348555214,2156.8328857421875
baseline_centered,14,60C__wood_trial_4,60C,wood,4,422.49260348555214,1814.9120686848958
baseline_centered,14,60C__wood_trial_5,60C,wood,5,422.49260348555214,968.6106567382812
baseline_centered,14,60C__wood_trial_6,60C,wood,6,422.49260348555214,628.5899963378906
