trial,optuna_trial_number,acquisition,res_size,leak_rate,input_magnitude,spectral_radius,n_estimators,max_depth,learning_rate,min_child_weight,subsample,colsample_bytree,reg_alpha,reg_lambda,objective_J,pooled_nrmse_range,pooled_r2,pooled_rmse,pooled_mae,mean_fold_nrmse_training_range,sd_fold_nrmse_training_range,worst_fold_nrmse_training_range,prediction_range_coverage,duration_seconds,performance_index
31,30,tpe,15,0.39036488119467183,1.7614690963220498,1.471494143122884,748,5,0.16761305466962773,2.477320700516147,0.8074133527710705,0.6883629643125497,0.0009622971570858446,18.175527204948843,0.28667444865044917,0.22604853766646443,0.4383851582381625,8399.53530633662,4920.301031042375,0.17850697052848294,0.24250364393593893,0.9727865730376929,0.851580076442627,165.77508149994537,0.28667444865044917
85,84,tpe,21,0.2936449180105062,1.8250008152755013,0.8272457665203832,722,3,0.16745864727197865,2.6884355962468494,0.9104930974415383,0.8505894559609931,0.0004428893456595397,0.021886725597513076,0.28777605154480723,0.2257020531983731,0.4401055116498527,8386.660600077186,4801.271870007134,0.17767986513244224,0.24829599338573657,1.0054804968697897,0.9587837690053387,126.00558080011979,0.28777605154480723
22,21,tpe,21,0.4666132495126741,1.8438787976545885,1.1361314869195236,843,4,0.18397804892118083,2.6266691053326228,0.8716623785095537,0.6280002018711687,1.9693107217990345e-05,21.693666899016137,0.2882272185220951,0.22560272982755838,0.4405981821504491,8382.969931831707,4797.404284098723,0.1737174195895955,0.2504979547781469,1.0025124143467827,0.8845294164826593,183.40515110013075,0.2882272185220951
71,70,tpe,18,0.44308258654013344,1.3853892114749073,0.7587070090224307,751,4,0.07456789492002291,2.6090578312870365,0.9190553665799717,0.8593576029331214,1.2854188773121495e-05,0.06331431534932973,0.2890547712783152,0.2268530347925742,0.4343805180796829,8429.428895051518,4847.936168728798,0.17893912379757207,0.24880694594296393,1.007644550112278,0.8942423071895134,160.97783230012283,0.2890547712783152
83,82,tpe,15,0.6947332835088269,1.6182421168893375,0.8667697130947738,737,4,0.04722000849399878,0.6411053110357426,0.882359576685881,0.9881704566941403,1.937484734042462e-05,14.30510533900167,0.2892744462942345,0.22720135670143876,0.4326422216237784,8442.371877128206,4904.031462839902,0.17870557632898956,0.24829235837118285,1.0017243428793363,0.8206054383355095,152.28306480008177,0.2892744462942345
92,91,tpe,16,0.7911415927873644,1.1862526425215365,0.8369825486712598,545,4,0.03592816741944779,4.2019500552483,0.7969828900628306,0.981351443042344,5.8126511334294004e-05,29.997161087466072,0.28947453244502735,0.22649253072050368,0.4361768009119088,8416.033246874831,4857.761805165782,0.17465985465731318,0.2519280068980947,1.0101700238763875,0.839142793005178,124.79059750004672,0.28947453244502735
76,75,tpe,18,0.2967695713988766,1.7260038091572252,0.5663429651123096,652,3,0.10436651730683831,1.7824791277944037,0.9257590027055531,0.9018481084041624,1.203290243203151e-05,0.012311088255003766,0.28960879010873786,0.22657153085017348,0.4357834115688288,8418.968741991132,4819.842810121239,0.17612843237231676,0.25214903703425756,1.0171382971758178,0.8387621867693631,123.65464429999702,0.28960879010873786
62,61,tpe,15,0.6324652016584522,1.4324332150339665,0.9241449516460314,635,3,0.07335377256041108,1.5425944035531494,0.846436118379614,0.9274972122091055,6.039309991820786e-06,0.27860456690779833,0.28984849779695815,0.22744795404310586,0.43140996801080456,8451.534967052006,4855.591253312283,0.17871557326988166,0.24960217501540907,1.0081916671154925,0.815531206093591,106.14594010007568,0.28984849779695815
77,76,tpe,19,0.07715241244307891,1.9233987752575814,0.49706443905575126,1063,3,0.07995865236958642,4.712538199271192,0.88168598967448,0.9052744880287517,1.8093788897359545e-05,0.019897748035575126,0.29128543669566037,0.22903056894630142,0.42346978024102544,8510.34193785993,4931.601450345366,0.17930131193789256,0.24901947099743577,0.9986203117461312,0.9504745884756176,183.06677530007437,0.29128543669566037
54,53,tpe,19,0.3995624531118711,1.3231891484700735,0.8363790168885465,673,2,0.04292871714926191,1.1777817992934454,0.8842524546521445,0.9215331285436152,8.486157869065754e-06,3.3648966403857226,0.29141720667364834,0.22765464551791786,0.43037609534597066,8459.215230583566,4835.702221755827,0.17594285967435494,0.25505024462292203,1.0278278676941173,0.7821005435266877,99.59764159983024,0.29141720667364834
86,85,tpe,15,0.8572401943941548,1.4836612294595999,0.8934861405481245,443,4,0.048810364025857284,1.9992574333080075,0.8968550660917896,0.9293780210198425,1.755376237431172e-05,16.57371741178144,0.29141812072178386,0.2280381944858174,0.4284550916701616,8473.467183420062,4882.327304739262,0.17703369426231916,0.25351970494386566,1.0211978421262278,0.7582436755320738,105.79796609980986,0.29141812072178386
57,56,tpe,18,0.4302435104298312,1.7674374119701084,0.9408597613600286,705,2,0.03532940494466804,0.9025221521517458,0.890759525049182,0.9322840539624111,2.7870129802860572e-06,3.1938399346901516,0.2919291920101524,0.22844638639723927,0.42640711181800284,8488.634821340409,4906.092247566938,0.17734172626503433,0.2539312224516525,1.0227380242401563,0.7885790095575377,99.56740269996226,0.2919291920101524
84,83,tpe,13,0.17270832295883903,1.577438353665222,0.7752914806824684,419,3,0.06937367498688372,5.188814705042078,0.985607342288416,0.9001403298026357,1.033207792367359e-05,0.025053182969898734,0.29216592454622026,0.2297654258198226,0.4197641886581891,8537.647826754255,5013.103545591826,0.18087019995642423,0.24960199490559076,1.004807442767039,0.9633078873137788,77.87539800000377,0.29216592454622026
44,43,tpe,27,0.22639397327803756,1.518215908118007,0.7435939121195447,690,4,0.10591572107169728,1.383090209709984,0.8738781336081806,0.44652650064570937,0.0009052411593902047,7.759925520275343,0.2921818715159855,0.22839436725028145,0.4266683058430468,8486.701888413754,4770.1251645015045,0.17604356557534948,0.25515001706281626,1.0249040139282106,0.851167823271042,202.9297611999791,0.2921818715159855
1,0,startup_or_anchor,20,0.1,1.0,0.9,500,3,0.05,1.0,0.85,0.85,0.0001,1.0,0.2922627265251886,0.22838257112024002,0.4267275272735237,8486.263566574631,4849.808062840352,0.17652058848275806,0.2555206216197942,1.0291278613437327,0.7612694080318282,109.24381989985704,0.2922627265251886
21,20,tpe,18,0.49893237529452705,1.3443488634166556,0.8649717472522064,641,3,0.06898813124701901,2.3268580254227382,0.9090751897329337,0.5270032498106269,3.729332559936314e-05,10.169496108304253,0.2929938935784595,0.2290724400123238,0.4232589599857032,8511.89778732925,4777.428173019164,0.17594410177089168,0.25568581426454273,1.0240695794243058,0.8337966070178054,119.50920019997284,0.2929938935784595
78,77,tpe,21,0.06965967515720704,1.6478227628449462,0.36586569660371204,864,3,0.08554007500956214,1.6963844527908436,0.931331277016184,0.9205211168144877,2.9502320729074357e-06,0.02748939130122941,0.2931624952313909,0.22975928290306724,0.4197952141497523,8537.41956760822,4949.313396318677,0.1794328845079665,0.2536128493132945,1.0225381861295686,0.8047034867280249,167.26069919997826,0.2931624952313909
80,79,tpe,21,0.5012430097056473,1.9181327433481812,0.369737119375739,1189,3,0.06262027067624903,8.367160855056172,0.9014320942269356,0.948552705695458,0.002320900589043386,0.010676111318437896,0.29352368373209486,0.23016210837470208,0.41775894254010093,8552.38779879528,4929.473331864878,0.17874663783694436,0.25344630142957114,1.0164926391510236,0.8970720815794287,214.45133400009945,0.29352368373209486
100,99,tpe,11,0.33828203027873033,1.807949290707021,1.4642439829432543,638,4,0.16434075091474923,2.091150478954007,0.8985801922169308,0.6741200752051097,0.00018614151532778505,4.597121311849354,0.29364851456543484,0.23009837086316268,0.4180813714400202,8550.019433646627,4859.828863078781,0.17826258022988367,0.2542005748090887,1.0193048997519716,0.8282956714858991,94.1538858001586,0.29364851456543484
3,2,startup_or_anchor,22,0.5347070804948526,1.7541346645212776,1.0973313300467673,752,4,0.17681300513212714,2.012701405986034,0.903411663656835,0.5101537197345953,3.644652482792098e-05,26.03058711556134,0.29372411289445083,0.23043314850876545,0.41638683472664373,8562.459136566367,4899.058694343229,0.18018527917680788,0.2531638575427415,1.0194106710432194,0.9066271998568219,187.70036809984595,0.29372411289445083
61,60,tpe,16,0.17181219017047775,1.1009394111420248,0.9562887399767822,743,2,0.057306198431498874,4.4997452406048986,0.9429903007135858,0.9057867766722955,2.263916024701182e-05,2.8481703931826554,0.2940097399028254,0.22911750838237152,0.4230319982825961,8513.572442557383,4820.203284402236,0.17582089741471063,0.2595689260818155,1.0464374671264953,0.8719884779716651,93.79738520015962,0.2940097399028254
19,18,startup_or_anchor,22,0.6617785241018372,0.9992072015963969,0.6992594928246854,1034,3,0.12914907740674908,6.73579181531474,0.929882622691781,0.8795178733836464,1.1125340813867696e-06,2.163538942994242,0.2940548087896834,0.23088064779800183,0.4141178897426331,8579.087362160322,4987.344105165997,0.1810074214747679,0.2526966439667262,1.0176988822770099,0.8589190410133192,182.23709840001538,0.2940548087896834
69,68,tpe,19,0.7812319099794591,1.5501868444764788,1.0276538802736512,524,2,0.1642750936181098,0.18379878201909908,0.9388331260429388,0.9206912785662285,2.755627868729053e-06,0.2457893125963189,0.2940886615067062,0.23056608287037525,0.41571328040315736,8567.398725538247,4976.790080571547,0.1795640528457521,0.2540903145453237,1.021580231698709,0.8848833496497708,85.8891376000829,0.2940886615067062
64,63,tpe,11,0.6956034815089174,1.769520822985194,0.8606381292974492,624,4,0.07989412980263587,0.8389332738288928,0.7485175120139436,0.8837007029112143,1.1493585343680463e-06,0.2698978171997556,0.2941357457738911,0.2301622857838843,0.41775804495578206,8552.394390984307,4892.641030352618,0.1791879785240663,0.25589383996002735,1.0328805224960484,0.9316684449564727,111.5749375000596,0.2941357457738911
29,28,tpe,15,0.587475987142525,1.2698545813562536,1.0612704339833696,625,5,0.033756131218516706,1.5248393516183563,0.875535743692622,0.5970704175010544,0.0003014253340134562,23.599369565361393,0.29418255189296183,0.23063747457906708,0.41535139122387754,8570.051506148673,4926.5925735426745,0.1796949470381511,0.25418030925557905,1.0222803285558182,0.816289068776344,162.60456869984046,0.29418255189296183
93,92,tpe,12,0.6850238118073009,1.1172349485410402,0.7787892583324078,422,3,0.020112371488807203,7.434962042401088,0.7507806694031017,0.9592642126453449,9.81397190254408e-05,25.187536782306786,0.29440640964392756,0.22998085033374352,0.4186756383264061,8545.652593470328,4995.049199366781,0.17711449740912694,0.25770223724073615,1.0360413918826574,0.6380262592211194,76.10119870002382,0.29440640964392756
91,90,tpe,22,0.31964000274744475,1.644640034180336,0.5321773127461169,738,4,0.18447775323161747,3.6995927314614345,0.9144852554491936,0.8608338634548643,2.212776810370343e-05,0.014814688292663355,0.29449687265667246,0.23174154038509956,0.409740546532006,8611.076499338287,5018.207478131338,0.1819841470592283,0.25102132908629166,1.0072171757418782,0.9125282702658137,121.6957191999536,0.29449687265667246
12,11,startup_or_anchor,11,0.11338177211945093,1.333761831990786,0.534888304532073,607,3,0.015125570536383201,0.1793522910128987,0.8851609042581579,0.7406016396526415,0.8782834980356522,0.04802391368168541,0.2945261217112542,0.23025034251566714,0.4173124451814121,8555.666412273213,4948.468833833908,0.17826508744378392,0.25710311678234815,1.0357694383763247,0.6917449432027565,89.5392541999463,0.2945261217112542
59,58,tpe,23,0.6030339057566074,1.9516774576395841,0.9281595646028401,379,3,0.030695713256777717,0.15466650022030676,0.9133063135720471,0.7847371862953318,4.464631205152711e-06,1.2674104025123927,0.29454630048169494,0.2306723480117368,0.4151745748122072,8571.347336822857,4978.812119897941,0.18026424366422514,0.2554958098798326,1.0322814734688555,0.7573265591164101,99.93442890001461,0.29454630048169494
34,33,tpe,26,0.7169460091014934,1.7965860280871426,0.9760874334434444,937,2,0.17380139452403895,0.9277475496605051,0.8708166381304553,0.7854959060797119,7.144738135000622e-05,21.57788171727566,0.2946829112898767,0.23100627175312746,0.41348015026969487,8583.755310280192,4911.825847979164,0.17898106749910828,0.2547065581469971,1.0204248841879022,0.9338580786194262,149.51587689993903,0.2946829112898767
53,52,tpe,18,0.37205433462117155,1.9534296355094234,0.8091401180551028,547,6,0.13190941859944585,7.285811705170284,0.9452906714888865,0.5657457097621017,4.4058163482791565e-05,10.486092302396118,0.2949522660953205,0.2318722798095295,0.4090743565233723,8615.934528603886,4927.872419159361,0.18178368259422764,0.2523199451431639,1.013372273908083,0.8794237287278651,180.0727333999239,0.2949522660953205
32,31,tpe,16,0.09379812195436926,1.6025212797648403,1.2698267268963588,968,5,0.17268188625423164,0.5679440644248965,0.8198010134724384,0.6671567577348115,3.5376311656199296e-05,20.95923830265363,0.2951844661673875,0.230947026583847,0.4137809560584388,8581.553872057064,4879.007334462258,0.17787966160639174,0.2569497583341621,1.0295473537564668,0.9120477631569525,189.7740194001235,0.2951844661673875
23,22,tpe,17,0.15287616597554143,1.0391293655403473,0.9021563668823478,477,3,0.07572712638746695,0.4380785217396469,0.8560749031303667,0.7606073344247581,0.0002746065706937731,7.074998098087898,0.2953428660356879,0.23096879644015128,0.41367043282695515,8582.362798664284,4874.928255896978,0.17737130199587353,0.25749627838214634,1.0305978300957286,0.8560548665711398,98.01312840008177,0.2953428660356879
38,37,tpe,22,0.09091349477458963,1.10198974221797,1.0314564761648188,459,3,0.09605203662589523,1.212652226252203,0.7538086225531426,0.7719392169755794,8.118665414867334e-05,0.3542749372883546,0.2953921082731089,0.23159153357722698,0.41050445169346883,8605.502530614916,4941.422349002426,0.1803300998615269,0.25520229878352785,1.025879239433399,0.8829767035179324,109.30930930003524,0.2953921082731089
94,93,tpe,16,0.07388005647602301,1.748038739253009,0.580401992623256,1051,4,0.08373528773988233,2.742394543855915,0.8339628590859025,0.7369022843871709,0.0009775834856456762,0.016146119418957428,0.2954530094489483,0.2328554006521956,0.40405277385071203,8652.465436140892,5025.888268855459,0.18439129017038286,0.2503904351870109,1.0077877937304447,0.8864566413002797,153.36977650015615,0.2954530094489483
97,96,tpe,19,0.8281135806124762,1.2538701358239912,0.7475811802856025,662,5,0.07698279860871626,3.2557550366849375,0.7014412146218136,0.8078338611627771,2.193288768532251e-05,16.30034797723014,0.29548189203035186,0.23120487589824296,0.4124712136231723,8591.13506396541,4937.08855923791,0.1793431485813792,0.25710806452843565,1.0351643228829719,0.8355159993891217,205.68187720002607,0.29548189203035186
87,86,tpe,20,0.39661523953534483,1.6802072130098178,1.153035209372758,523,3,0.15054561326496288,7.884032618298191,0.9317168771660286,0.6638109737170699,0.00024842416282414384,0.011014716795447615,0.29569821241575567,0.23207273268417056,0.40805220807985676,8623.382977575002,4927.039875181878,0.1817202612042441,0.25450191892634055,1.024983871301867,0.9196732311378197,110.27214170014486,0.29569821241575567
16,15,startup_or_anchor,19,0.27122854906636723,1.4713319100709423,1.1442951391907143,975,2,0.07283455816194946,1.564566783896843,0.8042733618001947,0.7841789704109785,5.159238461810186e-06,0.016396969335196757,0.29572724574602166,0.23154749408662983,0.41072862755062056,8603.86610659748,4874.3446486733865,0.17938266893432328,0.25671900663756736,1.0311802821573148,0.8883950566583744,126.1547215001192,0.29572724574602166
14,13,startup_or_anchor,23,0.6904762493935299,1.6780070341189668,1.1878521046982482,476,4,0.016483972798629183,0.2408584719032223,0.7858719614183703,0.9682624065236451,0.1865021169217367,0.012388798808428476,0.2957339169803997,0.2321344944415038,0.4077370947936394,8625.677927441333,5038.9502298987345,0.18397589743048146,0.2543976901555835,1.0336162341475323,0.7936543341203223,145.0896353998687,0.2957339169803997
81,80,tpe,22,0.08820745005362092,1.960224239495519,0.6204657426621767,1133,2,0.05654580388033193,6.431953156181948,0.8862774760864882,0.8764802357218802,4.105858197957887e-06,0.04833272395921087,0.2957615060059574,0.23176880384698212,0.4096016550523546,8612.089557918624,4905.376962179053,0.1800474654557013,0.25597080863590116,1.028310340649046,0.9037708509144076,154.90534000005573,0.2957615060059574
43,42,tpe,17,0.5914411971215578,1.218319705413172,1.1817114249791254,631,2,0.10387058301644907,3.585571419052438,0.8768232977847188,0.6537493178739872,3.592298344501261e-05,12.310247577008887,0.29585147968071535,0.23132692063874313,0.4118507792730449,8595.670015252274,4913.274201845122,0.17867887479051392,0.2580982361678889,1.0376545806175574,0.9049357959913099,88.88570800004527,0.29585147968071535
63,62,tpe,25,0.2523709596739123,1.4553932860854697,0.7992407026002393,724,2,0.03915277093956005,1.2163202895533287,0.8738602882765305,0.9272737442895704,3.538503304910142e-06,2.4129187853051706,0.29615453150052773,0.23181693724286848,0.40935640351127345,8613.878103698813,4993.004970710915,0.1796154841469481,0.2573503770306369,1.034459765083361,0.8068481828033612,121.01026160013862,0.29615453150052773
35,34,tpe,16,0.5272682674865531,1.466004492232494,0.6203225966855725,571,3,0.08949907834299012,4.201288423062962,0.9545332948858861,0.5099014521563622,6.795189969887247e-06,16.644361624676954,0.2961588264758363,0.23143582154241837,0.4112968873374194,8599.71656646979,4861.029413510926,0.17732873240355956,0.25889201973367165,1.036263179121702,0.8573287434981577,100.23356049996801,0.2961588264758363
65,64,tpe,20,0.17393833744106685,1.2617443775257207,0.8728692919349529,522,3,0.06915518237223729,1.4024681816160047,0.9131591223696999,0.957796932292057,0.005914270874220021,0.4037450128534686,0.2963299221520276,0.23200271932304345,0.4084093202872695,8620.781413748166,4933.195468007216,0.17978626760339764,0.25730881131593647,1.0339258696794935,0.912379031870667,113.0144609999843,0.2963299221520276
58,57,tpe,18,0.3441294336402974,1.721383461737798,1.295202501811639,709,2,0.029753883049557756,1.4864553065617538,0.8281484232313,0.9203471527902086,3.322632043579976e-05,24.93426493729499,0.29634659744858644,0.23173020391132715,0.4097982944621661,8610.65525745509,5025.545247677446,0.17909715202274676,0.25846557414903715,1.0394120620103218,0.6890021914926959,100.53903959994204,0.29634659744858644
25,24,tpe,22,0.20650778482845733,0.5584907171116709,0.7764609678274528,303,2,0.08543344487226544,3.664865453330744,0.8520806481514881,0.9656807512803285,4.871113616933092e-05,0.16288376383267977,0.29678512036209137,0.2320812155796293,0.4080089326553691,8623.698185895486,4929.87053648414,0.18010651249304138,0.25881561912984824,1.043783481605684,0.9957184532276517,70.13056230009533,0.29678512036209137
27,26,tpe,15,0.33050214320760685,1.562504366109975,0.8687714616726372,433,4,0.07344000098391275,1.260547880081008,0.9351038248637417,0.564782031196341,2.874722703418981e-05,0.8068757192188085,0.29690073867077194,0.23306310254550636,0.4029891560769905,8660.183244909162,4972.56664017332,0.18239774272624223,0.25535054450106237,1.0275317560870485,0.8505161840451904,100.34238489996642,0.29690073867077194
47,46,tpe,23,0.45687167013949187,1.9483402673087455,1.2718100194860722,1020,3,0.19925645202657669,7.9310045780509295,0.8514167612145109,0.8151969937059295,9.314849149980841e-06,19.865186051677895,0.29694665938471576,0.23367287353472013,0.39986110951862774,8682.8411793756,4902.502366848059,0.18119783104270895,0.25309514339998246,1.0055658206606546,0.9944948236803505,193.87016709987074,0.29694665938471576
48,47,tpe,25,0.2719869469310706,1.4187773599339353,0.5936436527786443,922,3,0.08773501450552727,4.289192868859406,0.8451493724739751,0.48099041094806105,0.0011478380783994182,22.978852725213226,0.2969634831479451,0.2320337247275237,0.40825118650303327,8621.933515824594,4854.762295044384,0.17776455552758064,0.2597190336816856,1.0397939815891906,0.8746796474083338,191.2910700000357,0.2969634831479451
20,19,startup_or_anchor,19,0.3831173207247005,1.596002287913755,1.2828095483538802,696,3,0.043248536462696004,0.63970632072718,0.7720054922703937,0.8908359121888286,0.00010892527477706596,0.013429681385299028,0.2974680851679027,0.2328497639726081,0.40408162542897186,8652.255987808714,4982.645238059578,0.1818587193520151,0.25847328478117826,1.0449263591293763,0.8812069343699075,134.4021549001336,0.2974680851679027
82,81,tpe,24,0.5859018318326535,1.5077274102375404,0.6552703560164581,585,4,0.08957421651391598,2.0395609365002003,0.9068785874001617,0.7276684646850488,1.4768208770868172e-05,0.07629231080959384,0.2974691355276954,0.23313925367955618,0.4025989572028106,8663.012876746961,4991.166520394082,0.18277860035096807,0.2573195273925567,1.0404018423900736,0.8776444074204537,161.6364084999077,0.2974691355276954
39,38,tpe,18,0.7114341021454265,1.8702096609308638,1.413380401513109,861,4,0.17968935476975204,1.1260369171860984,0.8717268648669727,0.6990837331327308,5.2691592226361175e-06,6.395721907316441,0.29747830022461436,0.2331873153678782,0.4023526232048167,8664.798758009943,5002.500364622816,0.18269734494891893,0.25716393942694465,1.0388820204120066,0.8249332420696585,127.97749170009047,0.29747830022461436
88,87,tpe,11,0.692999034751658,1.6816595102566492,0.9726440960468994,754,5,0.059100323625469,0.3382875373832139,0.9600739035264184,0.8691541472704452,0.0001431811464160397,27.214618840604775,0.29748168374206485,0.23258534987570897,0.4054342551397715,8642.430861022562,4949.857171950117,0.17997412998515014,0.2595853354654234,1.0451239257559737,0.8091210737133366,162.78108040010557,0.29748168374206485
30,29,tpe,22,0.16998278378706427,0.8922448593247316,0.8884809274414387,459,3,0.020055686272239494,0.6634704980469822,0.9131218716729113,0.809204177954877,0.0001848045890376065,0.4428058933909332,0.2975016373789872,0.23193023120765313,0.40877894176620966,8618.087892742473,4960.498689485893,0.17901145063285004,0.2622856246853363,1.0606573128317633,0.724221080999938,110.03132320009172,0.2975016373789872
73,72,tpe,27,0.3989830753334359,1.186641833777926,0.5216833918852408,871,5,0.07683843319759211,4.18496993416445,0.836808538203308,0.9733750793241008,7.411770943883207e-05,0.05082331679287956,0.297667896805607,0.23329106372717714,0.40182070123364555,8668.653850442312,4965.966535079385,0.182760541676763,0.2575073323137195,1.0406233440204795,0.9005024068793444,220.8438738998957,0.297667896805607
50,49,tpe,28,0.22152333844878233,0.873916138768887,1.1169936841529033,659,3,0.16537879779153034,1.5390447370343368,0.8458520726057135,0.5126016690755602,1.5695404510361755e-05,3.908988281175953,0.2980823788945836,0.2330956781933385,0.4028222538609538,8661.393694252996,4886.097330182299,0.1802548302955132,0.25994680280498045,1.0457101701354807,0.8611872045345328,158.93198340013623,0.2980823788945836
42,41,tpe,23,0.6989070539757786,1.7179310215121686,0.9946575388827148,659,3,0.1910545043023011,1.791943065426639,0.9743599610628362,0.45989694522138114,2.8818018583986815e-05,7.663828774181013,0.29825779270055097,0.2333298616187009,0.40162172211282876,8670.095506570811,4920.894889331098,0.1808777352468634,0.2597117243274003,1.0456365538954884,0.8044561082810319,137.6819061001297,0.29825779270055097
17,16,startup_or_anchor,18,0.25824835773318633,0.6766363474211439,0.46544755602965415,1155,4,0.055777886125911086,1.6243776203330444,0.9543784689085558,0.4249865814732302,2.957211276546404e-06,0.05788669542294303,0.29835714485402054,0.23372646885745382,0.39958578165808356,8684.832680007294,4988.334822918806,0.18240037559441996,0.25852270398626676,1.0427937249266723,0.8590345148441404,198.80058200005442,0.29835714485402054
55,54,tpe,16,0.5149743905754514,1.2782841509391254,0.4266438042425749,729,2,0.038153940584761445,1.6305318221845557,0.9149555496048811,0.8667900918198399,3.2861931190253095e-06,8.086933280466374,0.2985755717172432,0.2329554230213444,0.4035406890503229,8656.18207783989,4986.121314908611,0.17929131228533457,0.26248059478359514,1.0575641114178957,0.7815816691691658,92.57924029999413,0.2985755717172432
70,69,tpe,26,0.29877749149201904,1.9477358433698566,0.6844352238737272,1101,4,0.1180203973421644,0.5627610924110317,0.9332839538276998,0.5409610544430626,0.029457433782092392,11.143240485416296,0.2987391371717129,0.23368287958058698,0.3998097116328275,8683.212985078937,4932.624728195907,0.18052441169894887,0.2602250303645038,1.0453430062494211,0.8724577358869611,224.72423879988492,0.2987391371717129
24,23,tpe,19,0.6512962842936615,1.776592598420108,0.771704271747414,702,2,0.04478276677797571,2.1271850844601876,0.8470321846802435,0.40722564995141686,2.179550084657047e-05,5.3853514288357935,0.2987455661710218,0.2330493214991192,0.4030597566207862,8659.671167339971,4931.277017383884,0.17839459814074152,0.2627849786876106,1.0552483351581683,0.7957192595297853,99.54714370006695,0.2987455661710218
40,39,tpe,23,0.5411502635851639,1.9756159719256887,1.0542504572166191,882,5,0.19279298539813938,2.6234061178928205,0.781084294964711,0.6052680157343882,8.957616215922441e-05,7.711897321008529,0.2988320286180052,0.2349617875346375,0.3932222493685519,8730.734781169705,5077.596546587063,0.18579778778890876,0.2554809643334706,1.0325214848621929,0.9080191416185786,163.71054000011645,0.2988320286180052
37,36,tpe,15,0.6087315279271386,1.6632657056803097,1.2852907303348244,595,5,0.12149727367676459,1.7410791166678357,0.7010894365057679,0.649361926668145,0.00016816631009271269,7.385294464537666,0.2990325545394528,0.23450924010991298,0.3955573632540823,8713.918976427036,4961.209685138515,0.18322391727786252,0.2580932577181594,1.0394948121265088,0.9015783712317712,146.1749604002107,0.2990325545394528
2,1,startup_or_anchor,30,0.3,1.0,1.1,800,4,0.03,0.5,0.9,0.9,1e-05,0.3,0.2991585591409093,0.23396271702439644,0.3983713839241687,8693.611214209624,4976.507768888718,0.18362976238927575,0.26078336846605144,1.0600042862988488,0.8615617182257241,258.18084899988025,0.2991585591409093
45,44,tpe,27,0.06116888355870298,1.311638472567589,0.5271815734016996,592,4,0.09556032641881435,0.5769294295664589,0.9655592034918861,0.5711936821860332,0.00029791183375003157,15.27012424266218,0.29922613861821035,0.23367328660581219,0.39985898774691975,8682.856528314627,4909.208304781095,0.18003452837232878,0.26221140804959275,1.0551968672148369,0.8507227402359009,185.4256408000365,0.29922613861821035
7,6,startup_or_anchor,24,0.8431757225440191,1.0946345278334146,1.3312895665824411,509,3,0.022216320269086976,2.0956110642565635,0.80661873140401,0.5284843155722522,6.229214449152028e-06,0.6549011128488197,0.2993368059568249,0.23447671230249348,0.3957250311047269,8712.71030474228,5047.667328592416,0.18384737880662372,0.25944037461732566,1.0502654751706235,0.7428265958122279,120.63214710005559,0.2993368059568249
49,48,tpe,24,0.2942813301690901,1.9930157770135448,0.5735050395352101,442,4,0.09419781144631915,2.510391824844593,0.792655018041897,0.5443868321059959,0.0001872522278704494,0.6183283460173963,0.29939766701191595,0.2350107619522857,0.392969274752643,8732.55457772486,5007.040486149795,0.18427284128290836,0.25754762023852085,1.0379829431575456,0.8750022167636755,135.27497959998436,0.29939766701191595
79,78,tpe,19,0.5325596536660007,1.2765189289377485,0.991482996930022,568,4,0.07146005270886782,1.6630717816033314,0.8781666467593559,0.8965562310252112,1.4787213587228155e-06,0.7643539843839928,0.29945005119323914,0.2347645642454241,0.39424046156541614,8723.40633747314,5019.630243216385,0.1836738425811492,0.2587419477912601,1.0438623466798065,0.8710988856223405,146.07773240003735,0.29945005119323914
60,59,tpe,26,0.7823786708471422,1.123954159746349,0.9293073564507156,520,2,0.04314769861730314,0.8791389048445918,0.9302261750636214,0.9427364398842131,2.2576428854817444e-05,1.2582874147311005,0.29957291692897803,0.2337973047545817,0.3992217892958385,8687.464807713244,4983.096868687143,0.18079554818565385,0.2631024486975853,1.062926617080314,0.7071223056777235,100.08468990004621,0.29957291692897803
51,50,tpe,13,0.5141650420418492,1.5341999049895991,1.3403926518782674,841,4,0.11055543816533069,1.315309359005165,0.7345692216614691,0.6762806152856613,0.10227312955857366,25.986379094392433,0.29972755746419744,0.23430696508082083,0.3965996328282564,8706.40281964943,4876.737098324414,0.1794443825473058,0.2616823695335064,1.0462547843422483,0.8611576390203847,149.59651469998062,0.29972755746419744
46,45,tpe,26,0.20897677713292961,1.2704128500774257,1.116197290943111,731,5,0.09360249703466275,4.596475961957292,0.8460740766804334,0.6803920888104571,0.0007020539893178622,17.887291521424718,0.299753367020549,0.23521645466625318,0.39190620479939375,8740.197729196052,5008.004025887788,0.1825563622299717,0.25814764941718316,1.0331692004321757,0.9333007054549602,270.0293356999755,0.299753367020549
11,10,startup_or_anchor,29,0.7844627126093424,1.270372089820081,0.33967212627701,501,6,0.02451535922520632,2.7183629280711394,0.9733122105644978,0.9079162984049027,0.05455678579102517,2.8367122121604824,0.2998715785854845,0.23647540357203245,0.3853793844735649,8786.977884874696,5151.048986111658,0.18886322872321082,0.2535847000538082,1.0263614165149408,0.9433645690237,285.43891269993037,0.2998715785854845
90,89,tpe,16,0.44148935477077483,1.6902935494029803,1.0040031912873197,890,5,0.17446646120767487,0.9872746674815378,0.9014079344520266,0.8016929527477098,1.1923573012544595e-06,0.016377003116692,0.3000013076319633,0.2357694536139221,0.38904356047922417,8760.746122179535,5133.161335741595,0.18541806248261125,0.25692741607216474,1.0350660602124198,0.8274207668218323,103.29132440011017,0.3000013076319633
66,65,tpe,20,0.6132543207647938,1.7952792954473833,0.8525432584505679,574,2,0.06958647404741791,3.1492585471711596,0.8043907972941603,0.8807975906801692,1.0735287462354884e-05,0.2986066526551144,0.3000859464373131,0.23446706018826224,0.3957747794223574,8712.351650467835,4948.857736569818,0.18111374565338206,0.26247554499620346,1.0569714395724525,0.8429835648196705,92.39719579997472,0.3000859464373131
33,32,tpe,17,0.4423863583045832,1.8567255868324164,1.4662050185617306,787,5,0.16890660507590988,9.193881806919261,0.8228843406070737,0.7652673922237219,0.037739588049661564,8.033927538551644,0.3001519569005151,0.23607980018962074,0.3874340811513054,8772.278012837583,5039.00122286265,0.18411194618368024,0.25628862684357734,1.0239530220307909,0.9657538519140052,166.64179200003855,0.3001519569005151
99,98,tpe,17,0.6426950216208772,1.288047469647496,0.8600199587635377,805,4,0.0992798367380657,7.778651517033858,0.9903163121655489,0.9697011050905957,1.051222775178823e-05,0.08961784190784505,0.3003844262956322,0.23564158183657466,0.3897060966894107,8755.99464924544,5085.157710345821,0.18382826041822434,0.25897137783623014,1.0411439927974009,0.8708198635870739,155.14206129987724,0.3003844262956322
72,71,tpe,16,0.6083807606344755,0.7480784559573805,0.6813066885316678,615,4,0.10073124426485773,1.2666022813388984,0.8675119955673678,0.9049039066394846,3.910692865918779e-06,0.06305450247044866,0.3004978942846962,0.23593935964396678,0.38816267803317306,8767.059508290555,5101.78304734068,0.18549270492527856,0.25823413856291766,1.0422112279832734,0.8583709434142346,120.71494079986587,0.3004978942846962
5,4,startup_or_anchor,30,0.34723086830485805,0.42547866177727733,1.332805870410922,244,4,0.031472129490909696,2.942812956611264,0.7034215894241039,0.46190385238702564,0.3320354171981084,1.503639980987409,0.30081456764473846,0.23494275584755175,0.393320542258753,8730.02759974192,5005.127984312018,0.1814838634129335,0.2634872471887469,1.0619709272702362,0.7386073739375043,105.26442770007998,0.30081456764473846
52,51,tpe,19,0.3436706239980405,1.4709408925535892,1.2593492013022691,794,4,0.18204363816084743,1.1374620024879305,0.9213502596307382,0.4689691022859212,0.0015768270919515228,10.190525912387942,0.30083415760126425,0.23584711447850637,0.38864100434638815,8763.631852743112,4992.186851507947,0.18456500611026364,0.2599481724910315,1.0489394993134094,0.8580185555427479,132.5152668999508,0.30083415760126425
26,25,tpe,25,0.23225847886175965,1.3934933884971998,1.1687119922448184,591,2,0.04571018008131167,4.771518984672743,0.9296190930043502,0.6687599123948518,4.853743645191828e-05,8.499010425128834,0.30093793846375916,0.23506941182751664,0.3926662527250727,8734.733895949168,5014.85496316879,0.18177107875351103,0.2634741065449701,1.0623972843036311,0.7800743370104957,105.77374760014936,0.30093793846375916
68,67,tpe,14,0.291214377688192,1.7790805127490925,1.4687107518535514,658,6,0.1693423587074918,3.1070194989144486,0.73513339710737,0.656945990073815,0.0008047872369066796,18.907935660088974,0.30095409034333787,0.2360570607426055,0.3875520814155916,8771.43305807688,4931.248155226472,0.18215756661686505,0.2595881184029294,1.0355293185666756,0.9604661535919267,173.01546890009195,0.30095409034333787
28,27,tpe,21,0.3893753346536444,1.5770278679965033,1.1281627642863015,1055,5,0.1501959781792238,4.405890280707198,0.8872240796044472,0.8101234002762783,2.7899419230242472e-05,1.4875032860034993,0.3011801529730763,0.23518224462661833,0.3920830750789004,8738.92654894994,4928.356005011218,0.1817633899944779,0.2639916333858319,1.0648379351508266,0.8894491099978749,152.6959589999169,0.3011801529730763
18,17,startup_or_anchor,10,0.26890464632873323,0.5533574945732763,1.001739925368204,589,5,0.0257493968443029,0.4594540211249762,0.9624730821282775,0.5061834701825624,0.6754322127583996,0.980862996611573,0.301247060047974,0.23631216334865032,0.3862276433251428,8780.912187507807,5006.198326806522,0.18384998658870147,0.25973958679729486,1.0421768026143918,0.8514696289555133,121.10830049985088,0.301247060047974
95,94,tpe,17,0.9348986016840388,1.5407309988224882,0.9517106254774508,786,2,0.02571738610208139,0.25122904613273034,0.8134505178860134,0.8616272665853008,6.569836350170703e-06,6.091400481337901,0.3012992588604064,0.2352838143595134,0.391557871374807,8742.700687753555,5059.738099346951,0.18108323136380783,0.26406177800357206,1.061942358539841,0.7293612493127897,103.90925089991651,0.3012992588604064
89,88,tpe,24,0.07105302035053229,1.986288100881911,0.8437413225944786,791,2,0.09916996304048818,2.4534099167042074,0.8796431066032031,0.9181899342822218,0.031226852469420602,0.021866634074861318,0.3016796582823742,0.23699227057778588,0.3826896815473442,8806.183683365249,5072.237534721273,0.18464160742403687,0.25874955081835327,1.0359227553099526,0.9527457217276811,125.69812080007978,0.3016796582823742
67,66,tpe,16,0.38198107205297116,1.5969097212770964,0.8588833793318837,1107,2,0.031282117963842344,0.7493208981684901,0.9073924028757699,0.8796060537493986,1.2493900762793094e-05,1.6587808338125325,0.30201247341385407,0.2360922010536031,0.3873697254025693,8772.738805444003,5062.9764579742405,0.1823449447980883,0.2636810894410039,1.0605519354403425,0.8687667174996947,121.25392580009066,0.30201247341385407
15,14,startup_or_anchor,24,0.07357940827927578,1.2903284951238208,1.0818083297921421,484,4,0.031926282953907044,0.16295424914088455,0.9727008904237721,0.43281799994386194,0.00400918552178815,0.14278802245977804,0.30244820378731196,0.23733540062854577,0.38090083787842677,8818.93374583314,5038.19336388416,0.1860737155800776,0.26045121263506466,1.050269247609978,0.8973482339986356,144.4575288000051,0.30244820378731196
6,5,startup_or_anchor,10,0.5520551645606833,0.325809438161915,0.6535919192705708,465,5,0.029222957652901345,0.654533252884089,0.6730559746322679,0.4685405419424807,0.17224100572176346,0.0760879983147087,0.30253501109543585,0.23740046309162902,0.3805613551260607,8821.351343670429,5039.725972212136,0.18513661858454955,0.26053819201522727,1.0464666517447578,0.9028829986977739,104.00274919997901,0.30253501109543585
41,40,tpe,10,0.21493429310909404,1.5456058966260742,1.2348694897974817,843,4,0.12112136963452305,6.110591456436028,0.8217544499568595,0.42376178137624604,0.08378095812609256,4.437587158062125,0.3027474561237623,0.23780510027406418,0.3784479513602871,8836.386894597706,5003.032712227366,0.18464354407260816,0.2597694233987926,1.0375788818963811,0.816417419205971,117.08713919995353,0.3027474561237623
96,95,tpe,17,0.8798476299452903,0.9048764992506906,0.958227742354321,596,4,0.04603792874239564,2.570333610724146,0.8355634726147635,0.984982738709711,0.01382922578129507,8.174014639007751,0.30310786940935297,0.23623114598635944,0.3866484231326789,8777.901735849886,4957.4466894052875,0.1810792707086197,0.267506893691974,1.0774027458710322,0.8956154810535606,144.23987079993822,0.30310786940935297
9,8,startup_or_anchor,16,0.8944055356638774,1.2759202394106268,0.42829273573244486,592,5,0.04437430121379882,3.8330978305221244,0.7444506727469881,0.4842821478352174,1.192727954368058e-06,0.01113877359577184,0.30333352650187906,0.23789262215971946,0.377990354632066,8839.639042018025,5059.429040329222,0.1862837383509829,0.2617636173686384,1.0559316722223977,0.9211177001801866,150.26718070008792,0.30333352650187906
56,55,tpe,30,0.1203410625789969,1.9597424371382246,0.979819511586388,648,6,0.12335718952635971,2.8187497442262197,0.8551888342553753,0.4069983623487195,0.0003785811155836459,22.195880935858096,0.303780458954358,0.23957327774267098,0.36917060503287735,8902.089018702334,5176.967511231009,0.18875074123342772,0.256828724846748,1.027974436756298,0.961760383193731,329.76313049998134,0.303780458954358
36,35,tpe,17,0.2176635970589199,1.8580524955221551,1.2018785637615423,751,5,0.09229528142369295,8.908498706059369,0.7976468719625431,0.5369204701482859,3.32001575006837e-06,2.367221113764087,0.30424128716329996,0.2385441287885272,0.37457874551962933,8863.847793764331,5038.812861030306,0.18503409230637874,0.26278863349909104,1.053247686683443,0.9288086352351024,186.06558719999157,0.30424128716329996
75,74,tpe,12,0.6054758802747844,1.2436239121319752,0.989236040567532,734,4,0.06732291857621582,2.5271602583639967,0.9117355598441426,0.856182047248517,0.0021095928332398803,0.17001753011043674,0.3043511893213845,0.23855565229351705,0.3745183188047817,8864.275985373151,5081.921527336804,0.1866752706293345,0.2631821481114697,1.0624197802484052,0.8972120189535747,127.89648639992811,0.3043511893213845
98,97,tpe,25,0.4345762757112002,1.6017355766621568,0.8875191968545612,649,3,0.15856623661539815,0.6183578777131175,0.8874594806362589,0.8506625356885029,0.005166797593928883,0.027364669688389652,0.30462568782456717,0.23827253850155755,0.37600205989092617,8853.756013353765,5062.906869277851,0.1859328036127516,0.2654125972920384,1.0740302356992342,0.9294168100560758,137.58596880012192,0.30462568782456717
8,7,startup_or_anchor,16,0.7745096740500103,1.3936367120404827,0.7919340124727411,264,2,0.026287193784865475,0.30818860485044414,0.6594484165871501,0.5419509151051711,0.0009188610205591764,19.935960469871418,0.30467275217529455,0.23722528138197452,0.38147520577462823,8814.84192330232,5171.673513918204,0.1820736201943763,0.26978988317328,1.0897283778725675,0.5070205564862748,57.127502399962395,0.30467275217529455
4,3,startup_or_anchor,30,0.5713766333805708,0.7899784047141699,1.3210780276852485,1093,6,0.07143279630406682,0.5799394006124056,0.9272810084847992,0.7131021406343739,0.00036075238942410927,13.15174525504962,0.30491107214242086,0.2389392526899729,0.3725051371610629,8878.529849197344,5117.348699293489,0.18736448656742352,0.26388727780979176,1.0674301921663258,0.9106442138508551,475.36276400019415,0.30491107214242086
13,12,startup_or_anchor,14,0.26045318495470465,1.3689622025686385,1.308215919445548,233,6,0.05010395899911748,1.0943330267885385,0.7184465008263211,0.8296965215361503,0.2836463359135309,1.996740471745756,0.30604663802225895,0.24002766579302248,0.36677540326773905,8918.973217605388,5136.494514834469,0.1875519367566907,0.26407588891694583,1.0634863423004597,0.8486889793341452,97.17367479996756,0.30604663802225895
74,73,tpe,13,0.6063409012451879,1.6622314886512481,0.597988502784446,783,6,0.04711737797547062,0.8695171761146478,0.9823346902935111,0.7408399573172397,0.00010018674999835794,0.09748755748246746,0.30777851362245173,0.24187049481687165,0.3570148264270465,8987.449252040975,5231.011258970607,0.19178987056525337,0.2636320752223203,1.0689290298878282,0.9292544024337538,155.0254253000021,0.30777851362245173
10,9,startup_or_anchor,26,0.5809912256219474,1.486431435864482,0.5914163010441648,593,5,0.034316545363493184,0.7673535139298575,0.9928912896472828,0.4126131881725957,0.011615402047821105,0.5740186338756652,0.30921935382687704,0.24223990504122184,0.35504925651085906,9001.175835959555,5132.23516481297,0.18946807090998316,0.2679177951426209,1.0824228725078229,0.9470719300244518,225.51089480007067,0.30921935382687704
