optuna_trial_number,performance_index,params_colsample_bytree,params_input_magnitude,params_leak_rate,params_learning_rate,params_max_depth,params_min_child_weight,params_n_estimators,params_reg_alpha,params_reg_lambda,params_res_size,params_spectral_radius,params_subsample,user_attrs_duration_seconds,user_attrs_mean_fold_nrmse_training_range,user_attrs_objective_J,user_attrs_pooled_mae,user_attrs_pooled_nrmse_range,user_attrs_pooled_r2,user_attrs_pooled_rmse,user_attrs_prediction_range_coverage,user_attrs_sd_fold_nrmse_training_range,user_attrs_worst_fold_nrmse_training_range,state,trial,res_size,leak_rate,input_magnitude,spectral_radius,n_estimators,max_depth,learning_rate,min_child_weight,subsample,colsample_bytree,reg_alpha,reg_lambda
86,0.278501190160725,0.6053473823373768,0.5452250913367468,0.2278420823756697,0.1326097065459352,2,8.141832764065489,1101,0.0001190179149463,0.0116222014830349,11,0.3625215829868904,0.9430576972687108,36.04891949999728,0.1655988384694067,0.278501190160725,4595.672593854356,0.2168280016428044,0.483267345802077,8056.917660261174,0.7617467733241128,0.2466927540716825,0.9933535008948312,COMPLETE,87,11,0.2278420823756697,0.5452250913367468,0.3625215829868904,1101,2,0.1326097065459352,8.141832764065489,0.9430576972687108,0.6053473823373768,0.0001190179149463,0.0116222014830349
70,0.2785272809198609,0.5070825792128658,0.9348204445539716,0.2736475497955472,0.12264698718499,2,5.4294072867206795,1023,0.0016825292596294,0.0154595434241471,12,0.3774508587135405,0.9005320524116303,34.90703862500959,0.17092865717691,0.2785272809198609,4745.281808937928,0.2184529769282014,0.4754932189661325,8117.2986626003985,0.894705639706664,0.2402972159666377,0.9686338547736,COMPLETE,71,12,0.2736475497955472,0.9348204445539716,0.3774508587135405,1023,2,0.12264698718499,5.4294072867206795,0.9005320524116303,0.5070825792128658,0.0016825292596294,0.0154595434241471
88,0.2790812387363579,0.7717919667899844,0.9500659044498614,0.3978792972603617,0.1306122335386137,2,5.135138058938817,1074,0.0035758725898362,0.0299355663258826,10,0.4045251355248289,0.8524181015499477,36.418198583007324,0.1714840455004941,0.2790812387363579,4727.655346100168,0.2192218450677556,0.4717946084400839,8145.868345690459,0.8702895813454521,0.2394375746744089,0.9617124808287422,COMPLETE,89,10,0.3978792972603617,0.9500659044498614,0.4045251355248289,1074,2,0.1306122335386137,5.135138058938817,0.8524181015499477,0.7717919667899844,0.0035758725898362,0.0299355663258826
95,0.2795548768528685,0.7737805446034977,1.4254242864056144,0.0981046766705242,0.0404715542953456,2,3.810270192668098,629,0.1241529625189727,2.1362806081211616,10,0.3250614177529048,0.7258258199477567,26.342864333011676,0.1691615848248867,0.2795548768528685,4710.509581475469,0.2184880042266756,0.4753250040144291,8118.600210636304,0.774017844381914,0.2442674905047714,0.9846413414476772,COMPLETE,96,10,0.0981046766705242,1.4254242864056144,0.3250614177529048,629,2,0.0404715542953456,3.810270192668098,0.7258258199477567,0.7737805446034977,0.1241529625189727,2.1362806081211616
94,0.2800679956846656,0.8528649909514089,1.2787207096487203,0.1685797500213925,0.0418085652176218,2,5.6279314513292915,958,0.0260562380792352,1.8251801979606133,11,0.4065476431041372,0.7378528290162915,35.46254104198306,0.169646624003932,0.2800679956846656,4715.171303069761,0.2188470814718013,0.4735990175813481,8131.942840627505,0.7327159924475165,0.2448836568514573,0.988382583179208,COMPLETE,95,11,0.1685797500213925,1.2787207096487203,0.4065476431041372,958,2,0.0418085652176218,5.6279314513292915,0.7378528290162915,0.8528649909514089,0.0260562380792352,1.8251801979606133
96,0.2801578873863897,0.8416855518158629,1.4454134509244845,0.438495203694366,0.0268541781145505,3,3.3534861386611836,816,0.1589460641580664,6.7710718941528825,11,0.4215567406849033,0.7899527773345592,42.652205084013985,0.1710608472999456,0.2801578873863897,4764.157086611672,0.2194355931701124,0.470764072984264,8153.810820129544,0.7453905619692781,0.2428891768651092,0.9792809573973188,COMPLETE,97,11,0.438495203694366,1.4454134509244845,0.4215567406849033,816,3,0.0268541781145505,3.3534861386611836,0.7899527773345592,0.8416855518158629,0.1589460641580664,6.7710718941528825
92,0.2807852941618764,0.9312085639289148,1.541708563187131,0.2053067293227743,0.0406324913502364,2,8.195663593606886,930,0.0010475628659717,0.2506451967475396,10,0.6376024326552497,0.7354448851875108,33.28228237500298,0.1703876104718866,0.2807852941618764,4722.589573642888,0.2197739286214055,0.4691308163702999,8166.382724366829,0.8621134734001318,0.2440454621618837,0.9815316541308914,COMPLETE,93,10,0.2053067293227743,1.541708563187131,0.6376024326552497,930,2,0.0406324913502364,8.195663593606886,0.7354448851875108,0.9312085639289148,0.0010475628659717,0.2506451967475396
97,0.2812267015398221,0.8685323714864439,1.690588409894127,0.1274105385674962,0.0578998007414313,2,4.349633268489495,545,1.7310866970513132,10.87553278982958,14,0.345042144369075,0.7356978359044778,26.89965666702483,0.1693681479828948,0.2812267015398221,4806.405573314305,0.2196675392695983,0.469644664017349,8162.4294976574365,0.7343410435453448,0.2462366490808949,0.9909231204924934,COMPLETE,98,14,0.1274105385674962,1.690588409894127,0.345042144369075,545,2,0.0578998007414313,4.349633268489495,0.7356978359044778,0.8685323714864439,1.7310866970513132,10.87553278982958
58,0.2817380973558326,0.4395913079590117,1.6513972000222124,0.3352848069560145,0.1052478749295109,3,4.640537631920614,829,0.1437854416626742,0.0814579198302274,11,0.3253128257744705,0.9645861576672676,35.11040800000774,0.1713441906111397,0.2817380973558326,4677.297994079728,0.2201775407228401,0.4671791565364307,8181.380185226618,0.7288250193429693,0.24624222653197,0.9963580594691688,COMPLETE,59,11,0.3352848069560145,1.6513972000222124,0.3253128257744705,829,3,0.1052478749295109,4.640537631920614,0.9645861576672676,0.4395913079590117,0.1437854416626742,0.0814579198302274
30,0.281812235297987,0.7240022646986057,1.8118841563481127,0.210418199240217,0.0297323027595639,3,0.6584721726504305,1033,0.7430070509808311,0.0499124553716153,10,0.4802461085237022,0.8735742079930994,49.386128584010294,0.1739647054777995,0.281812235297987,4821.0869596374705,0.2210716320078505,0.4628430400721942,8214.60292310875,0.8376291585069962,0.2429624131605459,0.9831411532786092,COMPLETE,31,10,0.210418199240217,1.8118841563481127,0.4802461085237022,1033,3,0.0297323027595639,0.6584721726504305,0.8735742079930994,0.7240022646986057,0.7430070509808311,0.0499124553716153
91,0.2818773586173979,0.9065088063720494,1.6506085392106284,0.2640517986455285,0.0780336938842183,2,5.866153879736447,1104,0.0007251579860289,0.0366661336599938,10,0.686928180025879,0.7803578764209536,38.49195837500156,0.1726547586519436,0.2818773586173979,4778.0661918929045,0.2212914703859419,0.4617741880602222,8222.771700653295,0.8697506337675207,0.2423435529258236,0.9727292250124818,COMPLETE,92,10,0.2640517986455285,1.6506085392106284,0.686928180025879,1104,2,0.0780336938842183,5.866153879736447,0.7803578764209536,0.9065088063720494,0.0007251579860289,0.0366661336599938
72,0.2818777045528559,0.6854884933594454,0.750468561339922,0.2476254696318889,0.1170076515235397,3,6.481202162739623,1085,0.0065326710948515,0.0232378308730415,22,0.3414239518767052,0.8198139236935051,59.72331137501169,0.1747479388626372,0.2818777045528559,4799.750002386635,0.221227681266507,0.4620844395322798,8220.40141785304,0.7944340901582679,0.2426000931453955,0.9834837159150924,COMPLETE,73,22,0.2476254696318889,0.750468561339922,0.3414239518767052,1085,3,0.1170076515235397,6.481202162739623,0.8198139236935051,0.6854884933594454,0.0065326710948515,0.0232378308730415
56,0.2819734019168284,0.4644509991457969,1.6939866743442566,0.4054070489474608,0.0504326180865316,3,6.127902200209954,754,0.0281957818325691,0.1627417535279962,10,0.4099657106064395,0.9720265102559602,34.224490958993556,0.1717855443684661,0.2819734019168284,4713.800330911289,0.220485083495706,0.4656896345615362,8192.8078918845,0.8142464915798228,0.2459532736844894,0.9948413130969996,COMPLETE,57,10,0.4054070489474608,1.6939866743442566,0.4099657106064395,754,3,0.0504326180865316,6.127902200209954,0.9720265102559602,0.4644509991457969,0.0281957818325691,0.1627417535279962
53,0.2821947291091723,0.5383147386820104,1.82101056800035,0.2580716236473155,0.020916801801151,4,3.176734489754872,1032,1.2080085600211443,0.0104801049488976,11,0.3665479004599026,0.9122759480899424,55.16387079202104,0.1717469373474082,0.2821947291091723,4770.519563986951,0.2207755325048047,0.4642809938409965,8203.600426672825,0.72903713855161,0.2456767864174701,0.9915024437556575,COMPLETE,54,11,0.2580716236473155,1.82101056800035,0.3665479004599026,1032,4,0.020916801801151,3.176734489754872,0.9122759480899424,0.5383147386820104,1.2080085600211443,0.0104801049488976
40,0.2826100722773906,0.6500025493014431,1.6640035759428722,0.593244317324516,0.1127162745099258,3,0.6136676939709093,1072,0.3640602130081212,0.1572367938073353,15,0.4464331507384337,0.8585551024070011,46.42505658301525,0.1749281282316681,0.2826100722773906,4869.989458444111,0.2218805995518154,0.4589046097676653,8244.662624079874,0.7799283051165473,0.2429178909023007,0.982607926019397,COMPLETE,41,15,0.593244317324516,1.6640035759428722,0.4464331507384337,1072,3,0.1127162745099258,0.6136676939709093,0.8585551024070011,0.6500025493014431,0.3640602130081212,0.1572367938073353
46,0.2826456718100494,0.7234839849513449,1.4656991055045778,0.1730155793417624,0.0264461545072923,3,0.1052832801820601,744,0.3196656285497431,0.0147198085069737,11,0.3842890474458412,0.8514934357814561,39.18677045800723,0.1720340981468947,0.2826456718100494,4764.582775351339,0.2209230787597857,0.4635647030014669,8209.0829659134,0.7278787279812204,0.2468903722010547,0.999086223475235,COMPLETE,47,11,0.1730155793417624,1.4656991055045778,0.3842890474458412,744,3,0.0264461545072923,0.1052832801820601,0.8514934357814561,0.7234839849513449,0.3196656285497431,0.0147198085069737
74,0.2828299121766619,0.6001115884742688,0.5472864528222909,0.1083408341193976,0.1564173518673226,2,4.274344212703171,1096,1.564457625925042e-05,0.0274724584274248,10,0.4363124762903899,0.9603064534491228,35.94674366700929,0.1736656906579363,0.2828299121766619,4812.200680963644,0.2217362066049549,0.4596086364891609,8239.29725579366,0.8593990746670371,0.2443748222868279,0.9866626899050972,COMPLETE,75,10,0.1083408341193976,0.5472864528222909,0.4363124762903899,1096,2,0.1564173518673226,4.274344212703171,0.9603064534491228,0.6001115884742688,1.564457625925042e-05,0.0274724584274248
73,0.2828646466865712,0.5657865853420733,0.9631438901116652,0.5056540572471588,0.1861293020069206,3,5.7282379627038065,1126,0.0049070052504253,0.0188750943013703,29,0.4028053929454926,0.8457730179260847,52.78147087502293,0.1785553526312776,0.2828646466865712,4848.821786786794,0.2230054349527166,0.4534044801848352,8286.459376057222,0.8077424300872251,0.2394368469354182,0.971627863871686,COMPLETE,74,29,0.5056540572471588,0.9631438901116652,0.4028053929454926,1126,3,0.1861293020069206,5.7282379627038065,0.8457730179260847,0.5657865853420733,0.0049070052504253,0.0188750943013703
67,0.2830472499366268,0.8561528359817778,1.594009089416997,0.2466835428398932,0.0385997866674925,3,0.1346115082712974,869,0.318573456614323,0.0280118492190696,11,0.5777526223294405,0.8079529940462766,47.71160512501956,0.1732305238789595,0.2830472499366268,4774.716247190832,0.2214255461118879,0.4611217916769371,8227.753700561065,0.7434817306296698,0.2464868152989555,0.9989870356833392,COMPLETE,68,11,0.2466835428398932,1.594009089416997,0.5777526223294405,869,3,0.0385997866674925,0.1346115082712974,0.8079529940462766,0.8561528359817778,0.318573456614323,0.0280118492190696
47,0.2831236646508889,0.686860254280615,1.488775777905426,0.1357872688552227,0.0188771695236933,3,0.1261218682421024,730,0.7652416979143352,0.0278501230532809,12,0.3145018227592886,0.8172888575226189,39.37244049998117,0.1712014272084778,0.2831236646508889,4795.021341538901,0.2208873544641078,0.463738177170248,8207.755518782182,0.6735657556455946,0.2489452407471246,1.0080079327094948,COMPLETE,48,12,0.1357872688552227,1.488775777905426,0.3145018227592886,730,3,0.0188771695236933,0.1261218682421024,0.8172888575226189,0.686860254280615,0.7652416979143352,0.0278501230532809
63,0.2836919984104062,0.7702170536093113,1.533027756237481,0.4309560010520936,0.0170223509925692,4,9.455634669754874,800,1.0134448721508298,0.0178999012882294,12,0.404351448723924,0.9245303189341938,53.39482854100061,0.1725633615428102,0.2836919984104062,4825.548240306587,0.2220068632149645,0.4582886016484224,8249.354342537676,0.7951016258089612,0.2467405407817668,0.9946291348106296,COMPLETE,64,12,0.4309560010520936,1.533027756237481,0.404351448723924,800,4,0.0170223509925692,9.455634669754874,0.9245303189341938,0.7702170536093113,1.0134448721508298,0.0178999012882294
75,0.2837107703386243,0.7326635405288922,0.5296689144404407,0.0781141033394325,0.0907225680378306,4,7.22333838945096,1198,0.1427141915264831,0.0719066886040204,21,0.8493178421890686,0.7867644162614402,75.24830037500942,0.1745830894056756,0.2837107703386243,4838.869279029792,0.2228685591885356,0.4540752505576778,8281.373332034604,0.8779575222816405,0.2433688446003546,0.9784536765575578,COMPLETE,76,21,0.0781141033394325,0.5296689144404407,0.8493178421890686,1198,4,0.0907225680378306,7.22333838945096,0.7867644162614402,0.7326635405288922,0.1427141915264831,0.0719066886040204
54,0.2841630860257808,0.4938382743009353,1.818251136970061,0.2820150921297988,0.0231243773862697,3,5.091550779424413,932,0.0727788173684214,0.0764612639598524,14,0.3738999109798535,0.9969391481572514,42.36544262501411,0.1717520464228619,0.2841630860257808,4783.1332944012065,0.2218599419801815,0.4590053594183519,8243.895027863267,0.7171303215387912,0.2492125761823971,1.006719018776825,COMPLETE,55,14,0.2820150921297988,1.818251136970061,0.3738999109798535,932,3,0.0231243773862697,5.091550779424413,0.9969391481572514,0.4938382743009353,0.0727788173684214,0.0764612639598524
57,0.2844196443804066,0.5242010486166455,1.574913815590666,0.475158426953297,0.075821480466073,2,4.1198688226252065,998,0.0015625037288191,4.566982655410211,11,0.5497025351673748,0.9875505018067284,33.82156800001394,0.1710018177686672,0.2844196443804066,4711.126469632925,0.2219338267707947,0.4586449705072938,8246.640446673598,0.7773045445290097,0.2499432704384475,1.0076069324817298,COMPLETE,58,11,0.475158426953297,1.574913815590666,0.5497025351673748,998,2,0.075821480466073,4.1198688226252065,0.9875505018067284,0.5242010486166455,0.0015625037288191,4.566982655410211
28,0.284760877899472,0.7268416477274948,1.7185098560345962,0.3797516433013425,0.017392498564069,4,0.3340725671070219,811,0.2881026799487565,0.0308933672348968,10,0.3593910693366215,0.8734312438820138,56.36286179200397,0.1746583006177904,0.284760877899472,4831.831297982168,0.2230935239002219,0.4529725756109539,8289.732594421324,0.7915457234036004,0.2466694159970003,0.9971339690336988,COMPLETE,29,10,0.3797516433013425,1.7185098560345962,0.3593910693366215,811,4,0.017392498564069,0.3340725671070219,0.8734312438820138,0.7268416477274948,0.2881026799487565,0.0308933672348968
49,0.2847633689464771,0.5026812189625167,1.6518342914317818,0.1769022107378207,0.0176282882983525,2,1.8962027965394872,1187,0.0565850229341599,0.0233215255487,11,0.6037160681130294,0.8098987581657837,36.091209209000226,0.1702787880006586,0.2847633689464771,4782.713116144519,0.22210367873041,0.4578160261328599,8252.951823629923,0.686604675298026,0.2506387608642681,1.007915079472646,COMPLETE,50,11,0.1769022107378207,1.6518342914317818,0.6037160681130294,1187,2,0.0176282882983525,1.8962027965394872,0.8098987581657837,0.5026812189625167,0.0565850229341599,0.0233215255487
81,0.2850585345447172,0.5866572946686486,0.691147563517124,0.3371118198823635,0.116145955719046,3,9.092743555556442,1111,3.6438677806934057e-06,0.0211769462484866,16,0.6165118593375847,0.93201101841363,49.99670129100559,0.1734422031382825,0.2850585345447172,4754.965791392983,0.2227466585475549,0.454672287460092,8276.84373521282,0.8432513088662942,0.249247503988649,1.009169689594781,COMPLETE,82,16,0.3371118198823635,0.691147563517124,0.6165118593375847,1111,3,0.116145955719046,9.092743555556442,0.93201101841363,0.5866572946686486,3.6438677806934057e-06,0.0211769462484866
11,0.2854687194441991,0.7406016396526415,1.333761831990786,0.1133817721194509,0.0151255705363832,3,0.1793522910128987,607,0.8782834980356521,0.0480239136816854,11,0.534888304532073,0.8851609042581579,34.366836667002644,0.1733262816334525,0.2854687194441991,4855.707211121875,0.2229627724700101,0.4536135951901434,8284.874119043621,0.6621653599419304,0.250023787896756,1.0121396547443389,COMPLETE,12,11,0.1133817721194509,1.333761831990786,0.534888304532073,607,3,0.0151255705363832,0.1793522910128987,0.8851609042581579,0.7406016396526415,0.8782834980356521,0.0480239136816854
93,0.2855459485027471,0.9892778346244318,1.6818281134083242,0.3321958678929872,0.0641703885917778,2,4.8120974643351655,1175,1.2111747390763954e-05,0.0961048680974459,16,0.7425090832342514,0.7306310022259556,47.190708708018064,0.1767710695766986,0.2855459485027471,4881.942324473649,0.2243354562667599,0.4468651634674302,8335.880447747455,0.8470818074043799,0.2448419689439487,0.9885672368485614,COMPLETE,94,16,0.3321958678929872,1.6818281134083242,0.7425090832342514,1175,2,0.0641703885917778,4.8120974643351655,0.7306310022259556,0.9892778346244318,1.2111747390763954e-05,0.0961048680974459
44,0.2855956866629312,0.5823891973889584,1.9974638296093967,0.308667670532875,0.0540778542163034,3,0.4796924275341255,965,0.0039242513962915,0.1390603961969506,11,1.0245357569512366,0.7135529067598205,44.896701874997234,0.1764423251372104,0.2855956866629312,4788.097193269648,0.2238123205783088,0.4494419044663433,8316.441716886771,0.8133146712732665,0.2471334643384892,1.0035198122582991,COMPLETE,45,11,0.308667670532875,1.9974638296093967,1.0245357569512366,965,3,0.0540778542163034,0.4796924275341255,0.7135529067598205,0.5823891973889584,0.0039242513962915,0.1390603961969506
51,0.2856694304608106,0.5364942289498498,1.5570158031265116,0.1340406374524661,0.0273021246791658,3,5.7385566557947625,1089,0.0616673255495823,0.1678375440790791,16,0.5580552496942687,0.7877122596441566,51.512239375006175,0.1753005073390288,0.2856694304608106,4834.093212572642,0.2237243318446247,0.4498747080509612,8313.17222227836,0.783210382604191,0.2477803944647436,1.0030184205416803,COMPLETE,52,16,0.1340406374524661,1.5570158031265116,0.5580552496942687,1089,3,0.0273021246791658,5.7385566557947625,0.7877122596441566,0.5364942289498498,0.0616673255495823,0.1678375440790791
48,0.2856830164218632,0.7514175973596747,1.9918574917411216,0.2328472907292221,0.0216306922354847,3,0.3095005116348449,480,0.0725894977304049,0.0118135315434571,11,0.3576735926148702,0.7380748836477119,30.938014999992447,0.1729277701580835,0.2856830164218632,4827.295404531593,0.222911098652841,0.4538668266972177,8282.954017917531,0.6206764663741239,0.2510876710760887,1.0170674308275067,COMPLETE,49,11,0.2328472907292221,1.9918574917411216,0.3576735926148702,480,3,0.0216306922354847,0.3095005116348449,0.7380748836477119,0.7514175973596747,0.0725894977304049,0.0118135315434571
84,0.2857059351674519,0.6598260212396081,0.7116481029798476,0.0817642914620253,0.1300468355271798,2,2.4600723367010193,1109,9.051863470317174e-06,0.0190614051604097,13,0.542210348484252,0.9176210498130972,37.90931020802236,0.1729139421679763,0.2857059351674519,4764.4849339656985,0.2234435822318078,0.4512545361107017,8302.740098675884,0.8137258261652645,0.2490494117425762,1.0021239200595744,COMPLETE,85,13,0.0817642914620253,0.7116481029798476,0.542210348484252,1109,2,0.1300468355271798,2.4600723367010193,0.9176210498130972,0.6598260212396081,9.051863470317174e-06,0.0190614051604097
39,0.2857561092733591,0.6884476246352099,1.8467635718508624,0.3727814612711474,0.0598209863554188,3,0.5735455686614257,1022,0.1944884003498112,0.0963080534012561,10,0.4904735501671515,0.8193975233513044,47.67058970799553,0.1762508774676995,0.2857561092733591,4819.190465113196,0.2241414672602496,0.4478213715111259,8328.672183867295,0.8978153912780805,0.2464585680524376,0.9969684632784388,COMPLETE,40,10,0.3727814612711474,1.8467635718508624,0.4904735501671515,1022,3,0.0598209863554188,0.5735455686614257,0.8193975233513044,0.6884476246352099,0.1944884003498112,0.0963080534012561
66,0.2858837664985001,0.6680673224246034,1.69937293707338,0.1359213122126631,0.0254420769659975,3,0.3012556665071486,1097,2.030271143919677,0.0336296700274824,10,0.8052946819990057,0.9321352767218128,52.252963167004054,0.1747752841714573,0.2858837664985001,4855.775350018498,0.2238591524080105,0.4492114762176555,8318.181898933957,0.7921113275217748,0.2480984563619583,1.001986912968541,COMPLETE,67,10,0.1359213122126631,1.69937293707338,0.8052946819990057,1097,3,0.0254420769659975,0.3012556665071486,0.9321352767218128,0.6680673224246034,2.030271143919677,0.0336296700274824
87,0.2859927827739986,0.5831930530103799,1.4759635232692625,0.1151965650196138,0.1203233637144757,2,8.554865160401455,1094,0.0017013212146649,0.0215604059003376,14,0.4779365505745152,0.8777776843484275,37.84375237501808,0.1743434699590755,0.2859927827739986,4773.596662818895,0.2238931819694972,0.449044009162287,8319.44637295408,0.8956744537439992,0.2483984032180055,1.001783226254746,COMPLETE,88,14,0.1151965650196138,1.4759635232692625,0.4779365505745152,1094,2,0.1203233637144757,8.554865160401455,0.8777776843484275,0.5831930530103799,0.0017013212146649,0.0215604059003376
90,0.286065489284134,0.8107915391000842,0.6212967660381371,0.5133106893543089,0.1358369565610021,2,9.359722843421167,1034,0.0052260415337763,0.0180467094862054,17,0.5848030380876678,0.8692285872509025,42.89767745800782,0.1766623734190958,0.286065489284134,4879.538251889655,0.2246290694224581,0.4454163158513214,8346.79055622748,0.8334329239009817,0.2457456794467034,0.9918648114356958,COMPLETE,91,17,0.5133106893543089,0.6212967660381371,0.5848030380876678,1034,2,0.1358369565610021,9.359722843421167,0.8692285872509025,0.8107915391000842,0.0052260415337763,0.0180467094862054
78,0.2862601880280715,0.4030843562882644,1.3509498162012918,0.4006551042638669,0.0471974732714082,4,4.489852529817249,590,0.0045413290389,0.0509610930840951,10,0.4757452333270153,0.9466160297817064,34.95291287501459,0.1756502643808408,0.2862601880280715,4803.865591240585,0.2241955771826052,0.4475547367867266,8330.68280604579,0.7993616720221761,0.2482584433818652,1.004790534956862,COMPLETE,79,10,0.4006551042638669,1.3509498162012918,0.4757452333270153,590,4,0.0471974732714082,4.489852529817249,0.9466160297817064,0.4030843562882644,0.0045413290389,0.0509610930840951
62,0.2862795413929655,0.6037261639109139,1.957071687580755,0.3426321697087037,0.0827459349231374,2,4.210973886968679,518,0.0014666792934906,0.3058107869207534,14,0.317405651947151,0.9968953402929324,24.91693854198093,0.1738986694544115,0.2862795413929655,4827.106788186323,0.2238914482145771,0.449052541972022,8319.381949906652,0.8515892713609642,0.2495523727135533,1.006789249965103,COMPLETE,63,14,0.3426321697087037,1.957071687580755,0.317405651947151,518,2,0.0827459349231374,4.210973886968679,0.9968953402929324,0.6037261639109139,0.0014666792934906,0.3058107869207534
77,0.2864494853399644,0.4718806393863287,1.0071060465920936,0.3986867251078597,0.1234718314086099,2,5.585064090575629,868,0.0029073138834552,0.0164221693246705,10,0.3094604942793523,0.9670112691215969,29.51677254197421,0.1733386967303606,0.2864494853399644,4793.982089578093,0.2240056720777305,0.4484902391189337,8323.626292211571,0.8507522121624519,0.2497752530489354,1.0051929572451943,COMPLETE,78,10,0.3986867251078597,1.0071060465920936,0.3094604942793523,868,2,0.1234718314086099,5.585064090575629,0.9670112691215969,0.4718806393863287,0.0029073138834552,0.0164221693246705
64,0.2865370746395993,0.4491595271950872,1.9647039911344024,0.4748407216205239,0.0621073150217656,3,7.05280827637875,880,0.4218752506744955,0.5551891008478919,10,0.5514615707021306,0.9415872985695256,38.01823333298671,0.1749117700345902,0.2865370746395993,4755.06533265341,0.2241390831433188,0.4478331181230468,8328.583594599955,0.8060120529286446,0.249591965985122,1.0098981121017312,COMPLETE,65,10,0.4748407216205239,1.9647039911344024,0.5514615707021306,880,3,0.0621073150217656,7.05280827637875,0.9415872985695256,0.4491595271950872,0.4218752506744955,0.5551891008478919
99,0.2866219477545557,0.8362539240791638,1.7297711024152909,0.3274129669196866,0.0741478461123388,2,6.171067537204545,864,0.0028826249548175,7.078319967349615,16,0.4200821175010182,0.7797986259649134,36.380693749990314,0.1755168581680048,0.2866219477545557,4885.594589296684,0.2247802943079331,0.4446693503336485,8352.409786406346,0.812222039691635,0.24736661378649,0.9958096674424236,COMPLETE,100,16,0.3274129669196866,1.7297711024152909,0.4200821175010182,864,2,0.0741478461123388,6.171067537204545,0.7797986259649134,0.8362539240791638,0.0028826249548175,7.078319967349615
36,0.2866600548335551,0.7366361687107581,1.9051013237849583,0.6149831970183602,0.016514929112882,3,0.1623745586969118,835,0.0780077340990795,0.0518044206276007,13,0.5989610184948679,0.9756717992860982,44.92744416597998,0.1754259269797322,0.2866600548335551,4870.431393165028,0.2241744320041095,0.4476589404732506,8329.897091282195,0.69299792785335,0.2499424913177825,1.0139080198408068,COMPLETE,37,13,0.6149831970183602,1.9051013237849583,0.5989610184948679,835,3,0.016514929112882,0.1623745586969118,0.9756717992860982,0.7366361687107581,0.0780077340990795,0.0518044206276007
71,0.2873266054372645,0.4842641025214322,0.7005552495516305,0.4069440946252296,0.1166119047107508,2,3.754919984530966,1007,0.00162358675849,0.0159854768166543,12,0.8718799292967855,0.8448603851222585,34.42809499998111,0.1732630266570146,0.2873266054372645,4756.369684283308,0.223956297029891,0.4487333384965815,8321.791608997686,0.8280661715524124,0.2534812336294939,1.0270890616335029,COMPLETE,72,12,0.4069440946252296,0.7005552495516305,0.8718799292967855,1007,2,0.1166119047107508,3.754919984530966,0.8448603851222585,0.4842641025214322,0.00162358675849,0.0159854768166543
34,0.2875256567171922,0.6643581096086386,1.7930717661078723,0.4012868892025088,0.0226475710427483,3,0.4399560818578502,784,0.0206399062417252,0.0618619577977113,11,0.426737240268181,0.9504243615293082,39.62380020899582,0.1750207158761088,0.2875256567171922,4801.68061961335,0.2245944649013695,0.4455871719620691,8345.504717798072,0.7203525538917658,0.2517247672632909,1.0205324371851134,COMPLETE,35,11,0.4012868892025088,1.7930717661078723,0.426737240268181,784,3,0.0226475710427483,0.4399560818578502,0.9504243615293082,0.6643581096086386,0.0206399062417252,0.0618619577977113
25,0.2877658536729769,0.8982649163161964,1.4568918172876362,0.645001121983849,0.1407683705737382,5,3.876426753978111,1147,2.121842512652403e-06,3.142305566567522,16,0.3656888498621616,0.9713702664833695,52.17056183400564,0.1809882491636986,0.2877658536729769,4979.257017052367,0.2267449251874994,0.4349194954686243,8425.411746990512,0.7702085342979398,0.2440837139419103,0.98918554626509,COMPLETE,26,16,0.645001121983849,1.4568918172876362,0.3656888498621616,1147,5,0.1407683705737382,3.876426753978111,0.9713702664833695,0.8982649163161964,2.121842512652403e-06,3.142305566567522
80,0.2879534067212346,0.5249512636531791,0.568377581233735,0.0994703714761092,0.1137462447616154,4,5.949963884751359,853,0.0040139960056985,0.0518812083752525,20,0.3486497603317768,0.8990877259362459,48.052905541990185,0.1804840977756534,0.2879534067212346,4923.675792014319,0.2262067327483246,0.4375988156695479,8405.413535804906,0.807809220694639,0.2469866958916398,1.006999395878696,COMPLETE,81,20,0.0994703714761092,0.568377581233735,0.3486497603317768,853,4,0.1137462447616154,5.949963884751359,0.8990877259362459,0.5249512636531791,0.0040139960056985,0.0518812083752525
6,0.288024576185224,0.5284843155722522,1.0946345278334146,0.8431757225440191,0.0222163202690869,3,2.0956110642565635,509,6.229214449152028e-06,0.6549011128488195,24,1.3312895665824411,0.80661873140401,37.115988333011046,0.1760079636658652,0.288024576185224,4876.712926817245,0.2256189724005569,0.4405176294731588,8383.573475065275,0.7639588553156661,0.2496224151386683,1.0067474353771242,COMPLETE,7,24,0.8431757225440191,1.0946345278334146,1.3312895665824411,509,3,0.0222163202690869,2.0956110642565635,0.80661873140401,0.5284843155722522,6.229214449152028e-06,0.6549011128488195
68,0.288081594523064,0.5647164615934127,1.7511800070601125,0.1384695152555828,0.0208830665187279,4,5.773382396670571,1012,2.80277579093973,0.010486516770135,12,0.3218284425516769,0.8559038576779956,55.505701459012926,0.1725619648956965,0.288081594523064,4850.336908023037,0.224718029352557,0.4449769649238101,8350.096138654284,0.7236545816467371,0.2534542606820276,1.0201054970667045,COMPLETE,69,12,0.1384695152555828,1.7511800070601125,0.3218284425516769,1012,4,0.0208830665187279,5.773382396670571,0.8559038576779956,0.5647164615934127,2.80277579093973,0.010486516770135
82,0.2884079118198943,0.6010194454770856,1.0741815711964864,0.2240567684822791,0.121520315956065,2,1.2926745726958824,1027,0.000195751749728,0.1215475727933004,11,0.5146735507333988,0.9930250840189716,34.800270917010494,0.1736744797019507,0.2884079118198943,4813.777107765322,0.2251453956135074,0.4428638841860984,8365.97625906845,0.8786254722678756,0.2530500648255478,1.0199673060596042,COMPLETE,83,11,0.2240567684822791,1.0741815711964864,0.5146735507333988,1027,2,0.121520315956065,1.2926745726958824,0.9930250840189716,0.6010194454770856,0.000195751749728,0.1215475727933004
52,0.2884418852899738,0.4567719344619664,1.9307517740813191,0.0973021162018286,0.0158433205591976,3,0.7338407373622966,1023,5.135805393861767e-06,0.074135592438294,14,0.5671323399529482,0.8337129930969969,46.29693050001515,0.1752680963831121,0.2884418852899738,4917.747459910564,0.2255450966778112,0.4408839585742252,8380.828393199721,0.723902138969073,0.2515871544486502,1.015711564105081,COMPLETE,53,14,0.0973021162018286,1.9307517740813191,0.5671323399529482,1023,3,0.0158433205591976,0.7338407373622966,0.8337129930969969,0.4567719344619664,5.135805393861767e-06,0.074135592438294
65,0.2886252527246111,0.4726326419819022,1.69484030866438,0.0627086706435324,0.0503915210611591,4,1.7153243495388446,932,0.4930123885057864,0.0146979842880449,10,0.5111016347348649,0.8606924652429813,49.26507333401241,0.1773627537773019,0.2886252527246111,4873.249967261265,0.2262003551254997,0.4376305276528642,8405.176555426084,0.829348745442374,0.2496995903964456,1.009766489225361,COMPLETE,66,10,0.0627086706435324,1.69484030866438,0.5111016347348649,932,4,0.0503915210611591,1.7153243495388446,0.8606924652429813,0.4726326419819022,0.4930123885057864,0.0146979842880449
33,0.2887621555730682,0.8349334343840361,1.9169403068828237,0.1840225227892006,0.0211857865654568,4,0.3920334382359793,1111,0.0622443340107197,0.0128493853207652,16,0.4568759668349518,0.8934817790943764,89.7091843750095,0.1808077536749046,0.2887621555730682,4962.703666754688,0.2270528538092812,0.4333836497309561,8436.853791062942,0.7922669536854297,0.246837207055148,1.0029497221385013,COMPLETE,34,16,0.1840225227892006,1.9169403068828237,0.4568759668349518,1111,4,0.0211857865654568,0.3920334382359793,0.8934817790943764,0.8349334343840361,0.0622443340107197,0.0128493853207652
18,0.2888697047728019,0.8795178733836465,0.9992072015963968,0.6617785241018371,0.129149077406749,3,6.735791815314738,1034,1.1125340813867696e-06,2.163538942994242,22,0.6992594928246855,0.929882622691781,58.54375212499872,0.1786785662801722,0.2888697047728019,4915.671499230449,0.2268367623196218,0.434461660459997,8428.824240792323,0.7721594068644507,0.2481317698127204,1.0026330115238675,COMPLETE,19,22,0.6617785241018371,0.9992072015963968,0.6992594928246855,1034,3,0.129149077406749,6.735791815314738,0.929882622691781,0.8795178733836465,1.1125340813867696e-06,2.163538942994242
76,0.2890488260349882,0.7184493099828221,1.1696778645239552,0.0677581474869774,0.0880649030604973,3,8.545882725336638,1197,0.005262182474936,0.0253087076625656,23,0.391986102781339,0.7818954055109418,72.348996042012,0.1790197543120943,0.2890488260349882,4926.83542809885,0.2269165529545877,0.434063730255668,8431.78910958745,0.8064369700289333,0.2485290923216018,1.006004057222261,COMPLETE,77,23,0.0677581474869774,1.1696778645239552,0.391986102781339,1197,3,0.0880649030604973,8.545882725336638,0.7818954055109418,0.7184493099828221,0.005262182474936,0.0253087076625656
83,0.2891105172623093,0.6298752802702794,1.8844257686632373,0.6910023431469338,0.1114022893522704,3,0.7790009368645372,1126,1.2500924334571946,2.248234653678106,14,0.4606420191063593,0.7668041561636079,45.1875778749818,0.1758806030891984,0.2891105172623093,4909.058236640732,0.2263390789203996,0.436940538024369,8410.331268768266,0.7897625059703566,0.2510857533676391,1.0110424569765262,COMPLETE,84,14,0.6910023431469338,1.8844257686632373,0.4606420191063593,1126,3,0.1114022893522704,0.7790009368645372,0.7668041561636079,0.6298752802702794,1.2500924334571946,2.248234653678106
2,0.2892044904639495,0.5101537197345953,1.7541346645212776,0.5347070804948526,0.1768130051321271,4,2.012701405986034,752,3.644652482792098e-05,26.03058711556135,22,1.0973313300467673,0.903411663656835,60.70948816699092,0.1793819796873706,0.2892044904639495,4991.172747241068,0.2273398275532997,0.4319504435771938,8447.517191586381,0.7816206339010265,0.2474586516425991,0.9989270641940552,COMPLETE,3,22,0.5347070804948526,1.7541346645212776,1.0973313300467673,752,4,0.1768130051321271,2.012701405986034,0.903411663656835,0.5101537197345953,3.644652482792098e-05,26.03058711556135
59,0.2893636010715964,0.495104927214271,1.5770923191398512,0.1215082925381374,0.1616557409640795,4,2.6810934349498856,707,0.6343514543270923,0.1287204141735578,13,0.3743211464882163,0.906405134557372,31.471380458009666,0.1776686944608382,0.2893636010715964,4951.592896140535,0.2268138304746451,0.4345759997924929,8427.97213688796,0.8458528261116187,0.2501990823878051,1.0107180149455357,COMPLETE,60,13,0.1215082925381374,1.5770923191398512,0.3743211464882163,707,4,0.1616557409640795,2.6810934349498856,0.906405134557372,0.495104927214271,0.6343514543270923,0.1287204141735578
50,0.2894771025556448,0.6428605663309079,0.8910031403624306,0.2470226686847907,0.0395715822554219,3,0.136511137376676,916,0.0570910986477583,0.0391110020485,20,0.420789320852372,0.8479530005132919,56.03107362499577,0.1795609709759319,0.2894771025556448,4942.428309731608,0.2270101480419567,0.4335967764101615,8435.266925674963,0.8013935925657508,0.2498678180547524,1.0156886122134654,COMPLETE,51,20,0.2470226686847907,0.8910031403624306,0.420789320852372,916,3,0.0395715822554219,0.136511137376676,0.8479530005132919,0.6428605663309079,0.0570910986477583,0.0391110020485
41,0.2899344505174585,0.6494500398226184,1.702174837853324,0.237350801506302,0.0791237999073163,3,1.2196658892584658,1067,0.2135769844647039,1.1148626629739642,15,0.4599607998908799,0.8547603066920864,52.78967758300132,0.1772431070402365,0.2899344505174585,4892.154309955977,0.2267959159031652,0.4346653147043885,8427.306465359197,0.7973845588259706,0.2525541384571728,1.022959203396532,COMPLETE,42,15,0.237350801506302,1.702174837853324,0.4599607998908799,1067,3,0.0791237999073163,1.2196658892584658,0.8547603066920864,0.6494500398226184,0.2135769844647039,1.1148626629739642
60,0.2902293481384097,0.4267685086499699,1.6930451989416766,0.5280683914113846,0.1720163653670253,2,2.858383929019533,1002,0.3846313581557661,0.3434352298775301,11,0.3768595979439044,0.9034197457881944,33.15851887498866,0.1779340158650176,0.2902293481384097,4887.319280245518,0.2277169267696723,0.4300643798299111,8461.529483878168,0.885593335504446,0.2500496854749496,1.0060836897186451,COMPLETE,61,11,0.5280683914113846,1.6930451989416766,0.3768595979439044,1002,2,0.1720163653670253,2.858383929019533,0.9034197457881944,0.4267685086499699,0.3846313581557661,0.3434352298775301
37,0.2902332361469147,0.8736158802532639,1.9636461683760216,0.8159313798185222,0.0182511722662454,4,0.1973353558847689,965,0.0850367394475625,0.0227396779655499,16,0.5378795623993721,0.984189233179871,81.49828287502169,0.1816118104002188,0.2902332361469147,4902.6053315271465,0.2280010632409562,0.4286412047570055,8472.087456723311,0.880777625719137,0.2489286916238342,1.013584029432281,COMPLETE,38,16,0.8159313798185222,1.9636461683760216,0.5378795623993721,965,4,0.0182511722662454,0.1973353558847689,0.984189233179871,0.8736158802532639,0.0850367394475625,0.0227396779655499
42,0.2905858067332671,0.6956931794524739,1.6794572012662916,0.851835518914849,0.1143690428333168,3,2.1390347343284617,1040,0.8030419501755474,0.1247251156752384,11,0.6720168605680473,0.9168498435966626,38.20684358300059,0.1785030299017369,0.2905858067332671,4878.359025349564,0.2275471159410922,0.430914076476474,8455.219635273168,0.8712597835487416,0.2521547631686999,1.0218522708829465,COMPLETE,43,11,0.851835518914849,1.6794572012662916,0.6720168605680473,1040,3,0.1143690428333168,2.1390347343284617,0.9168498435966626,0.6956931794524739,0.8030419501755474,0.1247251156752384
24,0.2906891092448616,0.4928857407202882,1.101357115956228,0.947942846977356,0.030960149451056,2,1.8431781550721984,535,1.928458765490647e-05,0.2639930044790753,18,1.3572068859435478,0.8097133546312529,27.57448124999064,0.1745687343761384,0.2906891092448616,4867.877312020127,0.2268331740990146,0.4344795522713002,8428.6909093141,0.6777291639216615,0.2554237405833878,1.0287854786737496,COMPLETE,25,18,0.947942846977356,1.101357115956228,1.3572068859435478,535,2,0.030960149451056,1.8431781550721984,0.8097133546312529,0.4928857407202882,1.928458765490647e-05,0.2639930044790753
61,0.290937384518428,0.4560093479092731,1.041526625043865,0.662746911457015,0.0764367892159606,3,3.6278882831172794,493,0.4438699400032069,0.0768160583872827,14,0.4889348501034188,0.988198169212764,29.108368958026404,0.1757881751955037,0.290937384518428,4828.802112281706,0.22696339859879,0.4338300374256059,8433.5298049553,0.7684433171932725,0.2558959436785517,1.0358455995450426,COMPLETE,62,14,0.662746911457015,1.041526625043865,0.4889348501034188,493,3,0.0764367892159606,3.6278882831172794,0.988198169212764,0.4560093479092731,0.4438699400032069,0.0768160583872827
89,0.2910771640674056,0.4551814404129687,1.858332275828417,0.3394639039269256,0.1917536021965515,4,1.647299720927901,962,0.000619222083806,0.0182451900846195,11,0.6389663389112807,0.9336364401797298,30.9294613749953,0.1805084138065744,0.2910771640674056,4888.53291781839,0.2280630535890243,0.4283304733506005,8474.390900588181,0.7113229388417337,0.252056441913525,1.0269329670078506,COMPLETE,90,11,0.3394639039269256,1.858332275828417,0.6389663389112807,962,4,0.1917536021965515,1.647299720927901,0.9336364401797298,0.4551814404129687,0.000619222083806,0.0182451900846195
22,0.2912023944582007,0.4535267664522253,0.8493021755350054,0.7777557391496505,0.0157624337731591,3,2.0583240480780627,466,1.0338917081840037e-06,1.0669201216204611,27,0.9820431749945224,0.7776930966809412,36.96736516698729,0.176917307829986,0.2912023944582007,4970.391038335105,0.2276932582332514,0.4301828500827304,8460.650005915739,0.7192200419313031,0.2540365448997973,1.025617681342854,COMPLETE,23,27,0.7777557391496505,0.8493021755350054,0.9820431749945224,466,3,0.0157624337731591,2.0583240480780627,0.7776930966809412,0.4535267664522253,1.0338917081840037e-06,1.0669201216204611
0,0.2912452595308648,0.85,1.0,0.1,0.05,3,1.0,500,0.0001,1.0,20,0.9,0.85,43.46825270800037,0.1805271178273658,0.2912452595308648,5033.8844127518905,0.2284916927695291,0.4261795749301851,8490.318320280856,0.7828089711249385,0.2510142670453426,1.0185953537033294,COMPLETE,1,20,0.1,1.0,0.9,500,3,0.05,1.0,0.85,0.85,0.0001,1.0
98,0.2914545718181017,0.8246173076635044,1.513565714996145,0.0854381849282109,0.0328604976531827,2,2.5155927125452657,306,0.0258291214720331,9.701186698469844,12,0.3991177608599615,0.7073497906620567,19.678427750011902,0.1733497680380988,0.2914545718181017,4954.957350970096,0.2269245145970262,0.434024016438325,8432.084949133454,0.5847802183988069,0.258120228884302,1.0394132572056165,COMPLETE,99,12,0.0854381849282109,1.513565714996145,0.3991177608599615,306,2,0.0328604976531827,2.5155927125452657,0.7073497906620567,0.8246173076635044,0.0258291214720331,9.701186698469844
15,0.2926357679964709,0.7841789704109785,1.4713319100709423,0.2712285490663672,0.0728345581619494,2,1.564566783896843,975,5.159238461810186e-06,0.0163969693351967,19,1.1442951391907143,0.8042733618001947,42.22883641600493,0.1819639051941629,0.2926357679964709,5078.108465493802,0.2301538107958833,0.4178009225516261,8552.079476489971,0.7632863475861054,0.2499278288023503,1.0093303668947535,COMPLETE,16,19,0.2712285490663672,1.4713319100709423,1.1442951391907143,975,2,0.0728345581619494,1.564566783896843,0.8042733618001947,0.7841789704109785,5.159238461810186e-06,0.0163969693351967
16,0.292639352212295,0.4249865814732302,0.6766363474211439,0.2582483577331863,0.055777886125911,4,1.6243776203330442,1155,2.9572112765464037e-06,0.057886695422943,18,0.4654475560296541,0.9543784689085558,61.684320208005374,0.1786033774070293,0.292639352212295,4889.878894696381,0.2288072334859515,0.4245936202915907,8502.043215365498,0.7751962598748695,0.2553284749053741,1.0343118101368427,COMPLETE,17,18,0.2582483577331863,0.6766363474211439,0.4654475560296541,1155,4,0.055777886125911,1.6243776203330442,0.9543784689085558,0.4249865814732302,2.9572112765464037e-06,0.057886695422943
43,0.2926731055368261,0.7015517732551428,1.6104831827939308,0.5126984824267139,0.1001605225705874,4,0.1476150084328952,963,0.0383710087133333,0.11758466287073,19,0.7568154697186769,0.8732917936285064,57.325202124979114,0.1810821589212217,0.2926731055368261,4958.193287369977,0.2295260085100288,0.4209727788491655,8528.751533208982,0.8246200462571136,0.2525883881071888,1.024677356225154,COMPLETE,44,19,0.5126984824267139,1.6104831827939308,0.7568154697186769,963,4,0.1001605225705874,0.1476150084328952,0.8732917936285064,0.7015517732551428,0.0383710087133333,0.11758466287073
85,0.2929626923892385,0.5542044563597136,1.9350335744643543,0.8327003825662254,0.1771535869557651,2,0.3730546901560252,1189,0.0534497566043761,0.4545791161487146,17,0.3735069297622525,0.9647511419242986,43.469288666994544,0.1780978110878705,0.2929626923892385,4948.751910953246,0.2292772096265868,0.422227392634285,8519.506638164665,0.8765466588103173,0.2547419310506068,1.0262488865878487,COMPLETE,86,17,0.8327003825662254,1.9350335744643543,0.3735069297622525,1189,2,0.1771535869557651,0.3730546901560252,0.9647511419242986,0.5542044563597136,0.0534497566043761,0.4545791161487146
26,0.2932967940397482,0.8253375186497002,1.393076201322243,0.905685678695462,0.1771693703827154,5,5.440875504936284,1194,1.7710011775787435e-06,3.762391272381016,14,0.4949670745430612,0.9763742773290948,46.322329874994466,0.1808984491160081,0.2932967940397482,5041.947308724532,0.2302844694298957,0.4171397044883421,8556.93450373675,0.7549780197659086,0.2520492984394097,1.0166263441281829,COMPLETE,27,14,0.905685678695462,1.393076201322243,0.4949670745430612,1194,5,0.1771693703827154,5.440875504936284,0.9763742773290948,0.8253375186497002,1.7710011775787435e-06,3.762391272381016
20,0.2934408671023338,0.7017213342001418,1.0159572078956698,0.2057997526442668,0.0166499395788118,2,0.3511967925375032,519,0.0740763845566654,0.1293597372047318,12,0.4610450558770881,0.8963413198226408,24.315790499997092,0.1737865789712851,0.2934408671023338,4912.491625816812,0.2280780283189119,0.4282553986933225,8474.947333174261,0.6408446775032897,0.2614513551336874,1.054913000353468,COMPLETE,21,12,0.2057997526442668,1.0159572078956698,0.4610450558770881,519,2,0.0166499395788118,0.3511967925375032,0.8963413198226408,0.7017213342001418,0.0740763845566654,0.1293597372047318
31,0.2934945668129782,0.7680358933183494,1.4506861800361526,0.4599723887559694,0.0251297438928765,5,0.4023330300346313,819,0.3654061605787205,0.170583301096306,10,0.4554954175288994,0.8231935701448784,71.95517183298944,0.1811218497224663,0.2934945668129782,5015.28693298479,0.2303971923677017,0.4165689512342169,8561.123074499954,0.8209387872293057,0.252389497781106,1.0189822493170555,COMPLETE,32,10,0.4599723887559694,1.4506861800361526,0.4554954175288994,819,5,0.0251297438928765,0.4023330300346313,0.8231935701448784,0.7680358933183494,0.3654061605787205,0.170583301096306
35,0.2937163386958515,0.634230669207731,1.582535460857451,0.2685161835716724,0.0202599847852631,2,0.3485801000827202,1055,0.0047934622672631,0.502462410099255,13,0.5567442940048201,0.9893230348417382,37.5872027919977,0.1762302006531877,0.2937163386958515,4992.166797423344,0.2291639474773962,0.4227980869815415,8515.298031328188,0.7738521370500229,0.2582095648738215,1.0397776986706848,COMPLETE,36,13,0.2685161835716724,1.582535460857451,0.5567442940048201,1055,2,0.0202599847852631,0.3485801000827202,0.9893230348417382,0.634230669207731,0.0047934622672631,0.502462410099255
32,0.2939112216147195,0.7996727622534472,1.873842290330575,0.2875645750397754,0.0444426071685713,3,4.423809522179624,1025,1.8855043724790437,0.0558881524470276,13,0.7781341993474066,0.8863274687118916,47.653331624984276,0.1807704757315059,0.2939112216147195,5027.514349915385,0.2304797330530806,0.4161508434932224,8564.190129957187,0.8512132202097553,0.2537259542465554,1.0249627638781618,COMPLETE,33,13,0.2875645750397754,1.873842290330575,0.7781341993474066,1025,3,0.0444426071685713,4.423809522179624,0.8863274687118916,0.7996727622534472,1.8855043724790437,0.0558881524470276
8,0.2941169520222731,0.4842821478352174,1.2759202394106268,0.8944055356638774,0.0443743012137988,5,3.8330978305221257,592,1.192727954368058e-06,0.0111387735957718,16,0.4282927357324449,0.7444506727469881,54.32651991600869,0.1811246718503038,0.2941169520222731,4940.0669548084215,0.2303335525750753,0.4168912147363881,8558.758340400937,0.7343744251779962,0.2551335977887911,1.0355445516285846,COMPLETE,9,16,0.8944055356638774,1.2759202394106268,0.4282927357324449,592,5,0.0443743012137988,3.8330978305221257,0.7444506727469881,0.4842821478352174,1.192727954368058e-06,0.0111387735957718
45,0.2941895279893283,0.7211467418647518,1.56034990461802,0.3371477373623797,0.0685624562162572,4,0.2426349740062197,1020,8.826944040287364e-05,0.4917197218387022,14,0.8873973984600086,0.669714009453547,62.24348404200282,0.1827571492630735,0.2941895279893283,5070.647258645772,0.2311922287842013,0.4125354885681233,8590.66512117342,0.857156619198839,0.2519891968205082,1.0192892353174137,COMPLETE,46,14,0.3371477373623797,1.56034990461802,0.8873973984600086,1020,4,0.0685624562162572,0.2426349740062197,0.669714009453547,0.7211467418647518,8.826944040287364e-05,0.4917197218387022
13,0.2941928129126056,0.9682624065236451,1.6780070341189668,0.6904762493935299,0.0164839727986291,4,0.2408584719032223,476,0.1865021169217368,0.0123887988084284,23,1.1878521046982482,0.7858719614183703,60.313166167004965,0.1859340864050394,0.2941928129126056,5040.784607393717,0.2313783946259883,0.4115890046929576,8597.582691077063,0.7376454738709226,0.2512576731464691,1.0276657023414515,COMPLETE,14,23,0.6904762493935299,1.6780070341189668,1.1878521046982482,476,4,0.0164839727986291,0.2408584719032223,0.7858719614183703,0.9682624065236451,0.1865021169217368,0.0123887988084284
79,0.2947841510071849,0.6745496596105867,0.5772290847339252,0.3990353399018447,0.0763093459686294,3,2.5565234341056295,934,0.075184441699352,0.0759172766233867,20,0.4917575332263922,0.7539939519068968,57.82524312500027,0.1823522796268884,0.2947841510071849,4989.728023254485,0.2310245940971186,0.4133871065220873,8584.43613386276,0.8234923210534628,0.2550382276402654,1.036453192206641,COMPLETE,80,20,0.3990353399018447,0.5772290847339252,0.4917575332263922,934,3,0.0763093459686294,2.5565234341056295,0.7539939519068968,0.6745496596105867,0.075184441699352,0.0759172766233867
14,0.2948945466912464,0.4328179999438619,1.2903284951238208,0.0735794082792757,0.031926282953907,4,0.1629542491408845,484,0.0040091855217881,0.142788022459778,24,1.081808329792142,0.972700890423772,47.17772991702077,0.1836703787480456,0.2948945466912464,5041.744422835902,0.2317120254238531,0.4098908896724881,8609.979779308094,0.8383014528380521,0.2527300850695732,1.0247635524801182,COMPLETE,15,24,0.0735794082792757,1.2903284951238208,1.081808329792142,484,4,0.031926282953907,0.1629542491408845,0.972700890423772,0.4328179999438619,0.0040091855217881,0.142788022459778
19,0.2949322071234334,0.8908359121888286,1.596002287913755,0.3831173207247005,0.043248536462696,3,0.63970632072718,696,0.000108925274777,0.013429681385299,19,1.2828095483538802,0.7720054922703937,49.28213666702504,0.1827395867663102,0.2949322071234334,5038.944735313124,0.2313205619777139,0.4118831126488482,8595.433739457849,0.7915940257187065,0.2544465805828779,1.033022948091324,COMPLETE,20,19,0.3831173207247005,1.596002287913755,1.2828095483538802,696,3,0.043248536462696,0.63970632072718,0.7720054922703937,0.8908359121888286,0.000108925274777,0.013429681385299
69,0.2962715981605761,0.576203952120544,1.4296380734641312,0.5995571403594352,0.1972623982705054,4,0.423890228368001,912,0.9871616053650932,0.0159156678033839,15,0.5708186006873947,0.8069766279123393,36.70039637500304,0.1817533443983285,0.2962715981605761,5047.074866000594,0.2321837957887485,0.4074854953065473,8627.509872080778,0.8220060937878887,0.25635120948731,1.0354885722793814,COMPLETE,70,15,0.5995571403594352,1.4296380734641312,0.5708186006873947,912,4,0.1972623982705054,0.423890228368001,0.8069766279123393,0.576203952120544,0.9871616053650932,0.0159156678033839
5,0.2965328176443189,0.4685405419424807,0.325809438161915,0.5520551645606833,0.0292229576529013,5,0.654533252884089,465,0.1722410057217634,0.0760879983147087,10,0.6535919192705707,0.6730559746322679,39.76784558300278,0.1822868457170723,0.2965328176443189,5035.646462980062,0.2322274976324392,0.4072624270853185,8629.133749779,0.8074425622468571,0.2572212800475186,1.0426314402655172,COMPLETE,6,10,0.5520551645606833,0.325809438161915,0.6535919192705707,465,5,0.0292229576529013,0.654533252884089,0.6730559746322679,0.4685405419424807,0.1722410057217634,0.0760879983147087
38,0.2965447449046966,0.5179343824706333,1.6672587836385004,0.2521487091084155,0.0170059260038131,4,0.1509750678845156,472,0.0617468601739369,0.0165964203272116,13,1.0648875260858155,0.7957834944873976,35.35924829100259,0.1801090530761501,0.2965447449046966,4976.554546722419,0.2316203128903803,0.410357932251744,8606.571915355997,0.7624929831344499,0.2596977280572649,1.0514529680303313,COMPLETE,39,13,0.2521487091084155,1.6672587836385004,1.0648875260858155,472,4,0.0170059260038131,0.1509750678845156,0.7957834944873976,0.5179343824706333,0.0617468601739369,0.0165964203272116
12,0.2973956982262429,0.8296965215361503,1.3689622025686383,0.2604531849547046,0.0501039589991174,6,1.0943330267885385,233,0.2836463359135307,1.996740471745755,14,1.308215919445548,0.7184465008263211,42.962933709000936,0.1851446438045943,0.2973956982262429,5166.627160690508,0.2343781997199905,0.3962326822229187,8709.049763854053,0.8140433387900383,0.2520699940250098,1.012649632754196,COMPLETE,13,14,0.2604531849547046,1.3689622025686383,1.308215919445548,233,6,0.0501039589991174,1.0943330267885385,0.7184465008263211,0.8296965215361503,0.2836463359135307,1.996740471745755
55,0.2974062796556601,0.4948173703491054,1.9257314423691196,0.4743079671914841,0.0191180775722768,5,2.1339428864624703,1166,1.5697458999016385,0.0146742266452605,16,0.4649406712082491,0.9531739773646244,74.84180679099518,0.1852317250998766,0.2974062796556601,5095.607999471396,0.2337887723587088,0.3992656391083344,8687.147760051175,0.7618165386594248,0.2544700291878051,1.0304849434326655,COMPLETE,56,16,0.4743079671914841,1.9257314423691196,0.4649406712082491,1166,5,0.0191180775722768,2.1339428864624703,0.9531739773646244,0.4948173703491054,1.5697458999016385,0.0146742266452605
23,0.2978905879056349,0.9084560429926608,1.7999137546133033,0.1604822511622818,0.0298219120465754,4,0.1024048417292523,562,1.6196062775927955,0.1090083450876271,20,0.597015968985657,0.857355034417739,62.93411779101007,0.1832795061286307,0.2978905879056349,5124.28052407686,0.2336920270858959,0.3997627218720305,8683.552889042046,0.745422944518418,0.2567942432789558,1.0364325250279491,COMPLETE,24,20,0.1604822511622818,1.7999137546133033,0.597015968985657,562,4,0.0298219120465754,0.1024048417292523,0.857355034417739,0.9084560429926608,1.6196062775927955,0.1090083450876271
21,0.298463900325038,0.9129529402441652,0.629137540129427,0.7409958065090175,0.1879385971315634,3,4.50345166453288,925,3.4009573935675888e-06,1.2219100272739265,24,0.5387793286675844,0.8568600781399013,51.31986012501875,0.1871381241511438,0.298463900325038,5194.887638893455,0.2345785388435111,0.3952000784138613,8716.493986049089,0.8099534145906295,0.2555414459261078,1.0407186496119534,COMPLETE,22,24,0.7409958065090175,0.629137540129427,0.5387793286675844,925,3,0.1879385971315634,4.50345166453288,0.8568600781399013,0.9129529402441652,3.4009573935675888e-06,1.2219100272739265
27,0.2990036746844274,0.4335482283159809,1.5474581498460132,0.5748356028473462,0.0491181158767039,5,2.5061563885870095,287,8.705147576229132e-05,0.9905574925264072,26,1.48504577755105,0.8419977806043062,47.05395066700294,0.1873879116461094,0.2990036746844274,5140.092787305337,0.2352829753746887,0.3915622105836377,8742.669512667313,0.7629235612941562,0.2548827972389551,1.0341077078117653,COMPLETE,28,26,0.5748356028473462,1.5474581498460132,1.48504577755105,287,5,0.0491181158767039,2.5061563885870095,0.8419977806043062,0.4335482283159809,8.705147576229132e-05,0.9905574925264072
29,0.2990552678984685,0.8193791640818593,1.2889710377748935,0.3072393251492573,0.1406960655820529,5,0.7557433559121381,1174,9.164830331179224e-06,13.716783358301353,18,0.7326053705310946,0.8709113892243352,84.86081966699567,0.184140401104206,0.2990552678984685,5125.191979224511,0.2353816471305498,0.3910517765955164,8746.335968135903,0.7943231654138752,0.2546944830716745,1.0183922418731717,COMPLETE,30,18,0.3072393251492573,1.2889710377748935,0.7326053705310946,1174,5,0.1406960655820529,0.7557433559121381,0.8709113892243352,0.8193791640818593,9.164830331179224e-06,13.716783358301353
1,0.3000867603899873,0.9,1.0,0.3,0.03,4,0.5,800,1e-05,0.3,30,1.1,0.9,113.8590306660044,0.1859184266542627,0.3000867603899873,5129.614288023707,0.2355171588074628,0.3903504190376097,8751.371325260534,0.7798499426207293,0.2582784063300982,1.046561780990849,COMPLETE,2,30,0.3,1.0,1.1,800,4,0.03,0.5,0.9,0.9,1e-05,0.3
4,0.3005295835615313,0.4619038523870256,0.4254786617772773,0.347230868304858,0.0314721294909096,4,2.942812956611264,244,0.3320354171981087,1.503639980987409,30,1.3328058704109218,0.7034215894241039,33.76778529101284,0.1838989139733292,0.3005295835615313,5146.988276534285,0.2353981492921016,0.3909663891888205,8746.949157188203,0.7197193641575086,0.2605257370777186,1.0519755557436536,COMPLETE,5,30,0.347230868304858,0.4254786617772773,1.3328058704109218,244,4,0.0314721294909096,2.942812956611264,0.7034215894241039,0.4619038523870256,0.3320354171981087,1.503639980987409
17,0.3027935579440389,0.5061834701825624,0.5533574945732763,0.2689046463287332,0.0257493968443029,5,0.4594540211249762,589,0.6754322127583999,0.9808629966115734,10,1.001739925368204,0.9624730821282776,47.401272624993,0.1869896408975693,0.3027935579440389,5162.2706649769325,0.2374334644368061,0.3803891252228398,8822.577611120923,0.7549014556949888,0.2614403740289308,1.0594654779415618,COMPLETE,18,10,0.2689046463287332,0.5533574945732763,1.001739925368204,589,5,0.0257493968443029,0.4594540211249762,0.9624730821282776,0.5061834701825624,0.6754322127583999,0.9808629966115734
10,0.3037080343921086,0.9079162984049028,1.270372089820081,0.7844627126093424,0.0245153592252063,6,2.7183629280711386,501,0.0545567857910252,2.8367122121604833,29,0.33967212627701,0.973312210564498,163.41013866700814,0.1908914211654657,0.3037080343921086,5216.554456141051,0.2395894709876434,0.3690853240678468,8902.690728999929,0.8504314686320877,0.2564742536178608,1.0351947528598584,COMPLETE,11,29,0.7844627126093424,1.270372089820081,0.33967212627701,501,6,0.0245153592252063,2.7183629280711386,0.973312210564498,0.9079162984049028,0.0545567857910252,2.8367122121604833
9,0.3040489189839432,0.4126131881725957,1.486431435864482,0.5809912256219473,0.0343165453634931,5,0.7673535139298574,593,0.0116154020478211,0.5740186338756653,26,0.5914163010441648,0.9928912896472828,100.61665704098414,0.1923812640509024,0.3040489189839432,5250.464503321291,0.2398298200724793,0.3678188591884644,8911.621645540092,0.83523333746525,0.2568763956458554,1.042815131535599,COMPLETE,10,26,0.5809912256219473,1.486431435864482,0.5914163010441648,593,5,0.0343165453634931,0.7673535139298574,0.9928912896472828,0.4126131881725957,0.0116154020478211,0.5740186338756653
7,0.3061788232160385,0.5419509151051711,1.393636712040483,0.7745096740500103,0.0262871937848654,2,0.3081886048504441,264,0.0009188610205591,19.93596046987143,16,0.7919340124727411,0.6594484165871501,18.955293834005715,0.1811542766076604,0.3061788232160385,5147.535926568131,0.2379520688782925,0.377679449215987,8841.847969430937,0.5169205713267209,0.2729070173509839,1.1007796587425769,COMPLETE,8,16,0.7745096740500103,1.393636712040483,0.7919340124727411,264,2,0.0262871937848654,0.3081886048504441,0.6594484165871501,0.5419509151051711,0.0009188610205591,19.93596046987143
3,0.3079931375809857,0.7131021406343739,0.7899784047141699,0.5713766333805708,0.0714327963040668,6,0.5799394006124057,1093,0.0003607523894241,13.151745255049628,30,1.3210780276852483,0.9272810084847992,214.4768062499934,0.1914067184786091,0.3079931375809857,5310.008126385601,0.2421465063603084,0.3555464985817607,8997.70531796375,0.872083648489078,0.2633865248827088,1.064335215301302,COMPLETE,4,30,0.5713766333805708,0.7899784047141699,1.3210780276852483,1093,6,0.0714327963040668,0.5799394006124057,0.9272810084847992,0.7131021406343739,0.0003607523894241,13.151745255049628
