number,value,params_colsample_bytree,params_input_magnitude,params_leak_rate,params_learning_rate,params_max_depth,params_min_child_weight,params_n_estimators,params_reg_alpha,params_reg_lambda,params_res_size,params_spectral_radius,params_subsample,params_washout,user_attrs_duration_seconds,user_attrs_mean_fold_nrmse_training_range,user_attrs_objective_J,user_attrs_pooled_mae,user_attrs_pooled_nrmse_range,user_attrs_pooled_r2,user_attrs_pooled_rmse,user_attrs_prediction_range_coverage,user_attrs_sd_fold_nrmse_training_range,user_attrs_worst_fold_nrmse_training_range,state
0,0.27308199896317087,0.85,1.0,0.1,0.05,3,1.0,500,0.0001,1.0,20,0.9,0.85,0,148.0821020420044,0.15722653500209854,0.27308199896317087,4191.7593771353295,0.20967622245366999,0.5167926406861201,7791.171097941474,0.7717119075653008,0.25362310603800364,1.0382541228266786,COMPLETE
1,0.2704718147906219,0.9,1.0,0.3,0.03,4,0.5,800,1e-05,0.3,50,1.1,0.9,0,380.3279623330018,0.15373855720602608,0.2704718147906219,4182.134531115761,0.20758836877505465,0.5263678166554788,7713.590411647143,0.7708566787498216,0.25153378406226884,1.0235379651456296,COMPLETE
2,0.2706997900307493,0.5446620555599195,1.7541346645212776,0.5347070804948526,0.08117591758518575,6,2.805864209866754,605,2.303055354155433,21.262586533691977,53,1.0973313300467673,0.7142563365118473,3,356.9049899169986,0.15287389993129855,0.2706997900307493,4193.011122345589,0.20794243565084441,0.5247507657339965,7726.746865808277,0.774616899908165,0.2510294175196195,1.01573191638089,COMPLETE
3,0.27169895674272576,0.9382009702256318,1.739072123707654,0.32770317956728734,0.1167624256877035,3,1.1057929127091248,803,2.0561694171962883,0.140715509134958,51,1.3710002457938013,0.7881822557441351,5,337.9349620409994,0.1548418644048353,0.27169895674272576,4135.974214862009,0.20835603891498028,0.5228583177571708,7742.11557934117,0.8189528320702218,0.25337167131098187,1.034565176360181,COMPLETE
4,0.28247858651295044,0.40224569461001386,0.32813306869226033,0.8246044028081914,0.019595423841921946,2,5.067883622266691,935,0.004103848391367383,0.014145808562966301,17,0.9552296714212435,0.8691469025317456,1,126.99976225000137,0.15714193674805038,0.28247858651295044,4278.552404875018,0.21632627488653863,0.4856559546736444,8038.274444751386,0.6822317335078356,0.2646092465056471,1.0703898573863806,COMPLETE
5,0.2764665986916007,0.928783815029346,1.477074045702355,0.2889892621347669,0.12175792679005591,2,0.32130899171422184,265,0.0013371236581146446,9.733425888272643,30,0.6089585950739692,0.8901208653687834,2,189.8430589999989,0.1584789186543441,0.2764665986916007,4263.366264161583,0.2124683401951135,0.5038378589423845,7894.920902256987,0.7925780451807382,0.2559930339859488,1.0431305415421546,COMPLETE
6,0.28110406755944084,0.7921040155567369,0.5153624683279975,0.24816852203876277,0.05803247884235023,2,0.3782934710559287,414,0.0004521302243829868,0.016714849815395297,31,1.0927864096432374,0.9317537621305596,2,182.59393937500136,0.15757877663772205,0.28110406755944084,4325.094721795923,0.21538930790517571,0.4901018290198017,8003.4585272406,0.75065693189076,0.26285903861706045,1.0661235174002912,COMPLETE
7,0.2679151998722315,0.4641463678662225,0.6777145047137225,0.2449329894541066,0.03177785659658285,6,7.524137888871763,657,0.00034855010603111145,3.025671859516072,14,0.3323945711559432,0.8551840478821253,1,125.87442287500016,0.1540205181745238,0.2679151998722315,4119.993073425278,0.20599652988391562,0.5336038232910392,7654.440694926345,0.7785033328087502,0.24767467995326362,1.0096441149708144,COMPLETE
8,0.27959725223356663,0.635874473646062,0.7222533637349401,0.7625974566689393,0.06915031237128332,5,2.5885973254985113,213,0.03441895888064188,0.12909899351589266,39,0.4685642956704348,0.7349964211378814,0,239.35214412499772,0.1622462363521666,0.27959725223356663,4330.3315173205765,0.2151121019848358,0.4914134617699929,7993.158080535405,0.7786568663940603,0.25794060099492333,1.0554226529023498,COMPLETE
9,0.28040879494986903,0.9550801464242866,0.28678846550340403,0.9317204590930128,0.0679217746455505,6,0.11644482980609651,1118,1.691997422579532e-05,3.116236719552828,41,1.053118693366834,0.755417751312593,3,358.0570495829961,0.16374699979683574,0.28040879494986903,4399.281155340296,0.21612191527545557,0.4866272791306283,8030.680828857201,0.7782958900592891,0.25714751869765395,1.0513964687165995,COMPLETE
10,0.27900648811365825,0.4019310417770573,1.529810124276432,0.8118744476073539,0.024905029061433673,5,0.6520762643201525,270,6.632011490550172e-06,2.168887777543897,75,1.1464986172137022,0.7460631989399845,0,447.1718927500042,0.16008806795892935,0.27900648811365825,4330.820995246402,0.21449115698441154,0.4943454071437796,7970.0849409867105,0.8570460881498418,0.2580613245169867,1.0512615518071444,COMPLETE
11,0.27615351711275526,0.7117448519065102,0.5929707003854217,0.8758717168111324,0.01637748270024996,6,7.937495447607897,840,1.8478856839915143e-05,3.0915635637298653,50,0.5808017759628431,0.8129628961300991,1,408.0688210840017,0.159123461526196,0.27615351711275526,4264.340141372084,0.21231083118507313,0.5045732253517023,7889.068165917448,0.7846009675413556,0.25537074371072843,1.0425962713086914,COMPLETE
12,0.28320137701719994,0.632923362431492,1.3519090505614784,0.6454032968559579,0.06624252017690593,3,0.1182607536770186,940,1.3630366052408711,6.752551117803361,69,1.1539683325247065,0.716808337172194,4,430.3853346249962,0.16051587775321338,0.28320137701719994,4323.052933799869,0.21713362269325126,0.4818096404014368,8068.273959355555,0.7810904907224314,0.26427101729579483,1.0764370959515919,COMPLETE
13,0.27892482994623863,0.43281799994386194,0.29584884943192513,0.6550729056968877,0.031926282953907044,4,0.16295424914088455,484,0.004009185521788147,0.14278802245977804,11,1.0133681109420485,0.9727008904237721,3,88.30701441699784,0.15447227119854187,0.27892482994623863,4170.604363657303,0.213195831345352,0.5004343257995398,7921.9530948318925,0.7975696275945174,0.26291599440354646,1.0661307942971388,COMPLETE
14,0.26497049042319687,0.4660094730566765,1.4713319100709423,0.27122854906636723,0.07045330279001737,5,0.7613109343932994,376,2.51222125540423e-06,0.26892012861935993,43,1.1442951391907143,0.8741043994064042,4,275.8907548339994,0.15207117063806636,0.26497049042319687,4146.92138573637,0.20367302832070044,0.5440657538991867,7568.103779784028,0.8041982053758692,0.2451898484099858,0.9992946643137945,COMPLETE
15,0.27768758823582895,0.5315879490844398,0.49127768587657894,0.2694129786737311,0.14269125100475727,5,0.12114028886098743,707,1.5727604491825182e-06,0.07010211314435617,26,1.4459244808887006,0.6754447643138692,3,176.03681700000016,0.16224899255062472,0.27768758823582895,4397.5451945453,0.21495269295630834,0.4921669595557113,7987.2347431093485,0.7916957255158148,0.25093958111808257,1.0150797030312415,COMPLETE
16,0.2594916963972198,0.7456238989205893,0.9305048393971361,0.576304944026153,0.023723263009667487,6,6.3103479629629184,531,0.025284160305374333,0.30804884965454593,22,1.2514105491241228,0.8504712725740328,1,173.28236749999633,0.1508522048517347,0.2594916963972198,4058.293013116665,0.19962716295309627,0.5619996656118547,7417.767089484272,0.7975762150339076,0.23945813377649405,0.9809959762789328,COMPLETE
17,0.26439021075776986,0.6220782138164671,0.767082194037532,0.7999878349380788,0.01528040630447445,5,2.203737104767229,1000,0.09590472756285415,7.043523613783705,33,1.2973876997191032,0.8041491152201593,5,306.760019334004,0.1516171743343914,0.26439021075776986,4073.1736780919127,0.20318899965977333,0.5462302330680432,7550.11819195981,0.7876454361023226,0.24480484439198605,0.9977429779833377,COMPLETE
18,0.27365150556697937,0.8932137311588231,0.9654080906897906,0.35216182704207183,0.01650151548185395,3,4.7448133594810304,1018,2.165496527807297,1.0456828802213047,45,0.7835883851155846,0.8577120418397559,2,318.87360975000047,0.15429675056818473,0.27365150556697937,4200.161587870332,0.20958556839634243,0.5172103822650219,7787.80256495716,0.7344330112935165,0.25626374868254775,1.0436722971234569,COMPLETE
19,0.2839988535133875,0.780235230887527,0.7543675564291191,0.4711484598975216,0.16098801063596574,3,1.0834296512343664,682,0.0014107073049685088,0.0374802761416516,29,0.36209493866466486,0.6882270124808396,5,187.7521539589943,0.1590500329298274,0.2839988535133875,4238.031568176947,0.21718104243502337,0.4815832808361039,8070.035987101206,0.8186928310364552,0.2672712443134564,1.0886490702676688,COMPLETE
20,0.2662540502752276,0.5466187516106072,0.5489050103027067,0.6404339806629379,0.015040140021088097,3,2.575134056254685,756,0.019922112883005775,3.0471379537937837,30,1.4598508977490108,0.7380019183249715,5,199.7186517920054,0.14947283882897452,0.2662540502752276,4035.9382018292076,0.203932162734759,0.5429048401046326,7577.732723560623,0.7545789085184227,0.24928755016187437,1.012807891585455,COMPLETE
21,0.27227592681598645,0.4092887613989275,1.6655258252567036,0.19459760179828411,0.07754722447753618,5,0.48963924530729896,475,8.088495710622357e-06,0.39770428749222464,51,1.285100726655271,0.901997372441189,4,331.3506522500029,0.1546220177017054,0.27227592681598645,4153.489202679106,0.20879844794065622,0.5208299062283853,7758.554660387074,0.7739360158178173,0.253909915501321,1.034801526616587,COMPLETE
22,0.2747776554409858,0.7278231709074133,1.2279520206505203,0.5267516511576309,0.051162135841708284,6,3.6599834817832133,595,0.0025158416245501156,0.8023501861310802,11,1.2122345678279924,0.8107073465015286,1,112.30324479199771,0.1560547450663669,0.2747776554409858,4227.8503817861365,0.21121903213909918,0.5096555443562636,7848.498982286567,0.830706401788349,0.25423449320754654,1.0300925257722646,COMPLETE
23,0.27340945324444504,0.6831974418640739,0.8653294709760394,0.7565909545319948,0.028664818250457812,6,1.823446201560193,753,0.008428375802038698,4.708797601458663,26,1.1577080893856295,0.8411761142375161,5,255.9052740420011,0.1578949654104691,0.27340945324444504,4263.447952930135,0.21044868324539745,0.5132257479821153,7819.874277178355,0.726533380476181,0.25184307999619043,1.026515237262066,COMPLETE
24,0.2669726613919627,0.6582272561940248,1.0624911669767747,0.8196031196816859,0.025904253617909944,5,6.521562311081738,1060,0.789306280667457,0.26363441763758116,36,1.4415103907475189,0.8543432655946025,3,289.3199829580044,0.15541870732995564,0.2669726613919627,4171.42772153942,0.20567839865229343,0.5350432710178015,7642.619541205802,0.7536195716700715,0.24517705095867712,1.001710437474808,COMPLETE
25,0.2707621038745533,0.7309881047806513,0.5641490417694985,0.3786927333319705,0.02081561387518725,6,8.251749457911616,542,0.20563353736835163,0.2974322736382093,25,1.4477542234414151,0.887805528355591,2,199.0277836670066,0.15594920559620476,0.2707621038745533,4236.819720015179,0.20832810269015853,0.5229862587928047,7741.077522164874,0.7224756725585233,0.24973600473757904,1.0173959850195642,COMPLETE
26,0.2758882529709465,0.4995556912063141,0.7486407340871234,0.4097596366471645,0.08645401993117836,4,0.6744661811779253,215,1.5797259490098358e-06,0.05470110353179396,38,1.063222883985778,0.8903743658195539,2,216.45599100000254,0.1622989888468244,0.2758882529709465,4351.684647306734,0.21254159225279304,0.5034956793687011,7897.642809910506,0.8365952208168501,0.25338664287261375,1.0416006502520305,COMPLETE
27,0.2584439471620702,0.49528323516244327,1.5830477110985428,0.3619913863605622,0.09771153159178274,5,0.15727598420907452,335,1.6576416252465824e-06,0.564496432729644,22,1.1601799988146444,0.7196680887124353,3,149.3188811660002,0.1494660094004203,0.2584439471620702,3994.1971980979074,0.1986861255682377,0.5661193775051601,7382.7999234928475,0.8111501941320408,0.23903128637532994,0.9779967146345977,COMPLETE
28,0.26960509856309545,0.7004721375164762,1.6067605142412007,0.4049389523796429,0.1302748094902131,5,0.31837198878228296,279,0.00010688196509574862,0.533754887703278,17,1.1097531254915445,0.7018838323693601,3,119.23689808299969,0.15823059887914498,0.26960509856309545,4187.172693458967,0.20789890728856536,0.5249497117125068,7725.129434350572,0.813449288942733,0.2468247650981204,1.0109096204589112,COMPLETE
29,0.27787343945363596,0.6085952613748595,0.8816795800867748,0.7903502805338449,0.016096610261581587,5,4.399783005902996,1069,0.0015076079634940688,6.932239626672742,55,1.3970139029959856,0.7906328090299299,4,469.02425912499893,0.1589972931539997,0.27787343945363596,4260.45602841915,0.21333110132160885,0.4998001888693565,7926.979470818156,0.8005606911186122,0.2581693525281084,1.0535792558173944,COMPLETE
30,0.2689615212783312,0.5407814417211277,1.8975548736127337,0.5513114401876441,0.05511595688686383,6,0.16607094570579206,459,3.0001708415331247e-06,0.8114050008320548,30,1.110808335410775,0.7056979995398412,2,231.77544354099518,0.15510127376242186,0.2689615212783312,4086.9143048566875,0.2065550001195274,0.5310715334863501,7675.192390601902,0.7534810690938322,0.24962608463521516,1.0222845358125892,COMPLETE
31,0.2691536857400416,0.4993287460524081,1.559274448199229,0.29483166651629483,0.12245774753093383,6,0.29328321985789146,374,1.26183442023395e-06,7.647241407287921,25,1.1577221127177586,0.6842000155830837,4,182.52317612500337,0.14908965936501403,0.2691536857400416,4030.578111562253,0.20559630710436827,0.535414349368579,7639.569174845253,0.7768862508886814,0.2542295145426933,1.032593634311429,COMPLETE
32,0.26964010886714196,0.5337099908908951,1.748950649109138,0.46868146618162926,0.056381788499630416,4,2.2276347773284946,322,6.377502533026063e-05,0.10963733854988902,22,1.3747397036523041,0.8418900672080506,4,139.07918845800305,0.159141571415204,0.26964010886714196,4271.286782574874,0.20841679184976108,0.5225800250442539,7744.373043273133,0.7963003826638884,0.2448932680695236,1.0004926987700582,COMPLETE
33,0.27152919860068164,0.5958170910472881,0.7879121576236318,0.7101370679271755,0.01540365537028286,5,9.197421588240923,404,0.012710551075453436,0.10430788017641515,15,0.885724184352401,0.7945425005824314,1,111.22683387500001,0.15499509295768948,0.27152919860068164,4158.128333166135,0.20821897555945768,0.5234858698040978,7737.022564779777,0.7478815335341099,0.2532408921648958,1.0350079161539412,COMPLETE
34,0.27285672075548983,0.4803630003722164,1.1292659222179173,0.6236683516615689,0.11942471589862894,5,0.2511262893847343,674,3.0092667216916875e-06,0.28487946642918677,12,1.0781303752590767,0.83784875898076,4,95.00598558300408,0.1553456241822975,0.27285672075548983,4255.824505032065,0.20976228146547038,0.5163959063188076,7794.368887741434,0.7924833662214896,0.2523777571600777,1.023709927090674,COMPLETE
35,0.28212223597190517,0.5851000893307488,0.6101254820992523,0.7705664090454848,0.022356021782301994,4,3.0227919201990607,1186,0.9345310225216795,7.698146650821924,20,1.1613375523964102,0.777028023696861,5,179.6257255829987,0.1617818076194118,0.28212223597190517,4352.260706764975,0.2165180110669562,0.4847437948644444,8045.398997882961,0.798320928307474,0.26241689961979586,1.0730822762859376,COMPLETE
36,0.26656783137804074,0.500047952564699,1.668068381696127,0.2519890485576112,0.07184162763817761,4,0.1549194574615411,312,1.001344338037964e-05,0.869361899292627,13,0.7035574113848098,0.7973236274967719,4,91.27328295799816,0.1555029227082008,0.26656783137804074,4247.916316174078,0.20583706010158478,0.5343256539755936,7648.5151000040805,0.8246539817234255,0.24292308510582375,0.9880190230513214,COMPLETE
37,0.2636819941492529,0.40840933365686494,1.4756769704005421,0.45444541344405387,0.12508770808963476,4,0.38931570358596573,465,4.5754273492324846e-06,0.07586556408347483,42,1.423098870901094,0.7236446624045387,4,256.75479266699404,0.15395398293574242,0.2636819941492529,4117.4147332335315,0.20309554849066921,0.5466475348286508,7546.6457236023,0.7894167777925649,0.24234578263433476,0.9923852925045343,COMPLETE
38,0.2647876745579284,0.5416640153371796,1.8544994759960889,0.5943760059782692,0.17372500774942304,3,0.22211663830429568,449,2.5263619737738223e-06,0.16052711878005518,17,1.2834488178985748,0.6784104524658192,4,113.71174712500215,0.15325518371807023,0.2647876745579284,4090.2556802109384,0.20394041464284537,0.5428678475723236,7578.0393488280615,0.8125448578688466,0.24338903966033218,0.991760756093638,COMPLETE
39,0.27402077957529763,0.4560653556140496,1.887446332882835,0.3230867087073823,0.16823072866237873,2,2.130262897215373,393,2.81859825022944e-06,0.11776447769648775,55,1.4767661312935765,0.6820692078088085,4,296.58043845799693,0.15375411958240498,0.27402077957529763,4127.083574445486,0.209884533640165,0.5158320405926826,7798.911546889882,0.8894797946266063,0.2565449837405306,1.0419715148108295,COMPLETE
40,0.2839387017904764,0.5679921587575032,1.3046613049483333,0.47700363555322983,0.16278121856897473,5,0.6053895485965881,654,3.943236211964611e-05,0.08351173467286871,55,1.4687975012333148,0.7637416470310432,5,332.8718850000005,0.16274157989283466,0.2839387017904764,4322.769483780528,0.21828452788502575,0.4763018012275021,8111.039415360494,0.8508607870014558,0.26261669562180273,1.0691563511011732,COMPLETE
41,0.2716257524491278,0.5490438171422279,1.8536178875463356,0.613318840079205,0.15146107652549148,3,0.14222613689937422,501,9.18265251948566e-05,0.03614988461419435,22,1.3849326240234818,0.6874318053139427,4,140.78790854199906,0.1562511119149119,0.2716257524491278,4132.459434940033,0.208915346634104,0.520293216050278,7762.898394317032,0.7441817071543638,0.2508416232600951,1.0221171361890917,COMPLETE
42,0.2630959525310817,0.4574814644101458,1.105009534338257,0.5644225044719061,0.08267565785834677,5,0.10698447103245798,369,1.025092562456751e-06,0.14891799088550642,53,0.9440947406952187,0.6767792981995637,4,334.6132920839955,0.14988642419751205,0.2630959525310817,4055.5604843245883,0.20196303432461737,0.5516894630031628,7504.563643262923,0.7878989307323782,0.24453167282585728,0.9958382770087675,COMPLETE
43,0.2648139836610198,0.4626653188452329,1.0663068625462937,0.6033962557900565,0.10219880353024596,6,0.18684732162373005,503,1.968384071693775e-05,0.030749467063093793,42,1.083047504987734,0.6925018768285843,5,274.393412874997,0.15217251026773576,0.2648139836610198,4099.33226214815,0.2034152764777707,0.5452190095134754,7558.526209730661,0.8117459121412689,0.24559482873299643,1.0032890042073264,COMPLETE
44,0.2817235451064185,0.4117158593835682,0.44145883134047503,0.44967253750701347,0.03818301230411476,4,0.1222700737271193,422,1.8940797588343192e-06,0.36408432097155674,71,0.8881704913768064,0.7264462671959631,3,418.8383639579988,0.15875412910245545,0.2817235451064185,4288.957914309516,0.21586360197397556,0.48785373275119026,8021.082396068048,0.7552283823803977,0.2634397725297718,1.0714137278201001,COMPLETE
45,0.28242380587515736,0.49384423269913524,1.2777332830216857,0.7888062147159662,0.034180240856442466,5,0.3076140613386016,371,8.314172830360143e-06,0.057437718432476005,66,0.6087473894322251,0.7468089758602943,4,424.4078874580009,0.16075292819386874,0.28242380587515736,4282.868909758453,0.21627876454215578,0.48588185399451256,8036.5090503844085,0.7897147171467122,0.26458016533200623,1.083192921928523,COMPLETE
46,0.2683075876629609,0.4960627603041551,1.4115615098452652,0.36368536970996823,0.08697987237158901,2,0.1102618591364193,379,5.670633801783788e-06,0.9375824032597659,52,1.1042266006461636,0.7495603193813303,5,280.95673612500104,0.14417445609647578,0.2683075876629609,3870.868360528524,0.20414399431134184,0.5419547449750685,7585.60398353369,0.7733413159195192,0.2566543734064764,1.0371275933195139,COMPLETE
47,0.2627166165893884,0.4032429130293159,1.3826709584898982,0.6721327296763935,0.08122931283443524,4,0.3583290948587321,259,6.996127034877572e-06,0.18611859916455065,64,1.250551688018414,0.6894311116294056,4,356.07071541700134,0.1511058125691394,0.2627166165893884,4080.70364289766,0.20200896355418138,0.5514855355970463,7506.2702863993845,0.853579301007917,0.24283061214082804,0.9900518679754962,COMPLETE
48,0.26671683314746447,0.5937343294411427,1.7638768494129708,0.7627913355071241,0.055251430186232194,4,0.9167631110193405,205,2.2213177731304513e-05,0.8961558798215825,57,1.3845541843816855,0.7471965084535696,5,342.7601731670002,0.1522704667447414,0.26671683314746447,4119.3253113132005,0.20481932726131286,0.538919194408302,7610.698076224454,0.8111133372096883,0.24759002354460638,1.0085263484299354,COMPLETE
49,0.27108295329862925,0.4040109134196638,1.665107036882495,0.6289935740603866,0.09778348427750005,4,0.32999283702516025,446,2.4612118442073287e-06,0.8266619981761607,73,1.045301634325989,0.7973052434472794,3,442.7816677919982,0.1498415182044193,0.27108295329862925,4055.06963917248,0.20703751926343475,0.528878110470238,7693.121887634142,0.7702753451549331,0.25618173614077794,1.0398223035319123,COMPLETE
50,0.2720955075709327,0.4607051429031105,1.0844591384234024,0.6581226653715968,0.06992032475679275,4,0.14259856536132165,232,1.1670156030466686e-05,0.10742279019942687,48,1.4017342592695077,0.7222958144678776,2,266.9466687499953,0.15560039886526972,0.2720955075709327,4165.319200114655,0.20861374697953636,0.5216772691588256,7751.69152267313,0.7848080384570294,0.2539270423655855,1.0392898248996751,COMPLETE
51,0.26429981859579355,0.4237867605975594,1.9863164299896527,0.24124762828237836,0.16308445478469225,6,0.12366072426098426,375,6.025216129116354e-06,0.1186350610519878,21,1.2159091078815911,0.709845090300442,2,132.56384479200642,0.15334194766049838,0.26429981859579355,4109.1739998825915,0.20381562403213058,0.5434271123702308,7573.402366207342,0.8942883724958793,0.2419367782546518,0.984168977038355,COMPLETE
52,0.27194493766382555,0.48837974875605233,1.9692181402749473,0.34656551264473745,0.12417998222024101,6,0.12622480951163767,341,1.0389174521821367e-05,0.18812246492874465,23,1.1089639335266874,0.6960503722900326,3,146.79147887499857,0.16010488662310668,0.27194493766382555,4272.941290883733,0.20966421216248252,0.5168479955070888,7790.72481827999,0.7657731639687257,0.24912290200537218,1.0226598198352705,COMPLETE
53,0.27606941844552285,0.4288769325506648,1.0210534511940714,0.4031072813065869,0.05758514116828505,6,0.17835775922524177,370,5.3603114517426746e-06,0.5767565934257656,39,1.075229461013359,0.6714085657512254,3,258.8628457500017,0.1582484497432745,0.27606941844552285,4263.859668255226,0.2122056544143942,0.5050639632120536,7885.1599964249845,0.7987678032331779,0.25545505612451463,1.0404153107845147,COMPLETE
54,0.2712687248328698,0.5702095196083283,0.7646887479389517,0.47647900320892816,0.15261401604532707,4,0.10381807178226779,264,2.533552887495475e-06,0.15410265499731288,60,1.076333175313187,0.7348612687750984,4,332.5563890409976,0.15883718106871877,0.2712687248328698,4269.606252050028,0.20896250194765856,0.5200766376409511,7764.650596411201,0.870101665992052,0.24922489154084485,1.021961111152205,COMPLETE
55,0.2687036701266048,0.44959461615911395,1.1845146876430566,0.6894962842536365,0.05279622016013461,5,1.122671911068914,383,2.930922498636696e-06,0.08343059921464331,62,1.1969769852277925,0.7254823467866927,5,379.7881997089935,0.15387032616363508,0.2687036701266048,4141.763804947375,0.20645936946650228,0.5315056411530329,7671.638936751925,0.7703457860916775,0.2489772026404101,1.0144847701996393,COMPLETE
56,0.2663146835362543,0.5355664128867539,1.8978693653634444,0.2817837384284201,0.13359362152962248,4,0.31396168034415267,500,1.1090770522722852e-06,0.019628912434810825,52,1.4802940086124683,0.7552937156054268,2,298.2177026249992,0.15078357387999233,0.2663146835362543,4068.4724735261807,0.20417896746440092,0.5417977904778579,7586.903519628576,0.8136936733087828,0.24854286428741346,1.0118879395510028,COMPLETE
57,0.26154992178768566,0.6291354686803197,1.9348881269861682,0.13236959541925075,0.14960468107196143,6,0.5260231558352269,239,6.196143374386523e-06,0.5482956479964464,31,1.3631202965931462,0.6981300043614291,1,187.67881900000066,0.15083957985348045,0.26154992178768566,4136.456486385389,0.20194041391071718,0.5517898813993152,7503.723111547212,0.8169646894528587,0.23843803150787396,0.96353117095954,COMPLETE
58,0.26900526970854605,0.7733676010154715,1.8381311080381226,0.10336237914344457,0.1318331566815948,6,1.9582249031826984,432,0.00046591531516798634,1.3433925674699998,44,1.117203824598529,0.7412111624679226,2,269.0665262090042,0.15898540182058674,0.26900526970854605,4219.471726089801,0.2075881404389196,0.526368858595192,7713.581927109052,0.7815977813380112,0.24566851707850582,1.0085309080734088,COMPLETE
59,0.2788404598032816,0.8227123553703343,1.8917987150389073,0.1126359849967991,0.13020788869914413,6,0.4206653844270381,282,1.2622771059733768e-06,0.7301463754131511,50,1.3519258294365926,0.654915242492151,1,306.81291795799916,0.1623332104392192,0.2788404598032816,4380.523537625456,0.21479960606618898,0.49289004793480373,7981.546324366325,0.9036938338327737,0.2561634149483705,1.0468796799981355,COMPLETE
60,0.27643040212239406,0.6535492947843684,1.9293579610292326,0.13583714233060765,0.12045346631619594,6,0.3061472823223951,296,0.0010188951614517505,0.23397564472183185,29,1.3569710659088372,0.743309422521012,0,181.77267620900238,0.16371289321799873,0.27643040212239406,4369.8194961148,0.2137267668696871,0.497943025381289,7941.681652813636,0.7138612641422554,0.2508145410108278,1.0260912302274694,COMPLETE
61,0.27976571336858497,0.9312635399670608,1.526153488711071,0.5408012478578417,0.020628759617845254,5,6.161261822785106,533,0.2406314175127526,0.3326339097092117,23,1.173164089520146,0.8945699596017299,1,164.72803212500003,0.167472653320867,0.27976571336858497,4405.143942109128,0.2163263357838442,0.48565566509096725,8038.276707579863,0.82413718636398,0.25375751033896304,1.044707330785614,COMPLETE
62,0.27131881948376424,0.4112745616444102,1.3975136900426433,0.5338753313057784,0.19463724140600155,4,0.621094352521851,298,0.0001330572375229882,0.22501027402666313,62,1.426799365876571,0.768302406025572,3,331.23186062499735,0.1547734598918129,0.27131881948376424,4140.07840404799,0.20825710690491428,0.5233113248221044,7738.4394533195,0.7772844201578183,0.2522468503153999,1.0282046189277263,COMPLETE
63,0.27374818932799494,0.6349959435182656,1.9459039800771682,0.38706995264785676,0.18666981252773762,5,0.4108418231501477,328,3.0934319852302134e-05,13.449323414338961,30,1.4046542806215094,0.7403510659277089,1,186.2769704579987,0.15740814093255354,0.27374818932799494,4210.616369019871,0.21067653136601372,0.5121711380221232,7828.340681576966,0.7835064466506414,0.252286631847925,1.0262141935713187,COMPLETE
64,0.2718262537813093,0.6682985050905639,1.648140484356166,0.1864339391624902,0.16595488589125315,5,1.481573118145683,231,1.2232895156460987e-06,0.21272289692977567,18,1.2470147392457556,0.6517449239892132,0,112.64783916699525,0.16620098114216825,0.2718262537813093,4427.617093272478,0.2113662669079013,0.5089716957974508,7853.969947290988,0.8081174654054305,0.24183994749363194,0.9953701254475781,COMPLETE
65,0.27712110939536055,0.8309428075489111,0.8383267476437022,0.504985634599272,0.01922167164259991,6,3.505527335559063,503,0.006391069379448185,0.20022723020456545,23,1.3750959076220257,0.8389727077434211,0,173.29892391699832,0.16647618626450017,0.27712110939536055,4450.210373546193,0.21422753600339137,0.49558759581588874,7960.2892848836955,0.744549332134005,0.2515742935678768,1.038596810680822,COMPLETE
66,0.27071206240444046,0.5334374522611357,1.2198734820054933,0.620695683893285,0.07456830461375662,5,0.15432733136748358,310,6.029959101944246e-06,0.2651523287914458,61,0.6860194260007589,0.6547374265874437,2,356.38121062499704,0.1508431681010571,0.27071206240444046,4064.912826765568,0.20720091852635023,0.5281341743234604,7699.193494608716,0.8379783531242544,0.2540445755123608,1.0299219584863966,COMPLETE
67,0.26778799985607127,0.4301372570202238,1.3494102083012185,0.33930976555114534,0.08747708101196668,4,0.7799760482020827,695,4.350707027894993e-06,1.0868383729279045,30,1.3103762739148277,0.7452887549328444,4,207.87682887499977,0.15308989773803217,0.26778799985607127,4093.593893955122,0.20558502431997983,0.5354653393495634,7639.149927957824,0.8445149965973312,0.2488119021443658,1.0149375009182628,COMPLETE
68,0.2720418798504574,0.4195412177685124,1.4475388521253936,0.05900910115536606,0.15942286713371442,5,0.11858858148376215,230,2.369164430830382e-06,0.10010017714440461,15,1.3536100724806346,0.7018116370854771,2,100.74284404200444,0.15494559685301806,0.2720418798504574,4138.167737747398,0.2086803450913749,0.5213718197245287,7754.16618230817,0.8305370576792793,0.25344613903633,1.0338094413253403,COMPLETE
69,0.2770657638278918,0.4044580197053975,1.3584829984993105,0.6878537615653147,0.09236959193546776,4,0.709478457671007,370,4.626151153414127e-06,0.0936385219029953,37,1.4962210216790646,0.6743357920851399,5,217.94964808299846,0.15860258112972114,0.2770657638278918,4299.647263207001,0.2129150966034492,0.5017491085758303,7911.521523804404,0.8372115641876383,0.2566026688977702,1.0449818407763494,COMPLETE
70,0.2752478253749519,0.47895425995006824,1.9709351376206934,0.14031542545715409,0.10276680435270767,6,3.3096547219378105,515,4.797194187392035e-06,1.4681201891270605,43,1.3286406124553727,0.7025761550576677,1,282.4244840829997,0.15814647446718008,0.2752478253749519,4230.100355286584,0.2114443532477466,0.5086088215681004,7856.871487709007,0.8140445987998414,0.25521388850882115,1.042333839699725,COMPLETE
71,0.27257087505574307,0.48076214835384756,0.9659076274214103,0.8311974674523949,0.01700116063334825,6,1.3409903636977976,1161,0.00844426296079908,3.349667187401633,23,1.3935609772586681,0.731256585967111,4,246.842091874998,0.15374652885358261,0.27257087505574307,4206.712461171552,0.20873939556403895,0.5211009056708051,7756.360385973976,0.7997495292111396,0.25532591796681653,1.0402839191876185,COMPLETE
72,0.27491197887102936,0.8729038375466481,1.0538719172793303,0.8040501518261639,0.021976071492661675,4,0.8647362232632855,1082,0.11083514625137433,12.212963832192433,35,1.2760154630913785,0.8753984235753935,5,337.89081137500034,0.15603974721713737,0.27491197887102936,4180.495048055084,0.210672072026402,0.512191789316606,7828.174980967273,0.846655279475083,0.2569596273785095,1.0487171737436345,COMPLETE
73,0.26024998637494806,0.4319946884503916,1.0679400796494396,0.6364338647749387,0.05309477429625373,3,0.3472445479840057,398,0.0006589853686943314,1.0183942780347925,72,1.2018180731950912,0.6849421260485997,4,450.1496243750007,0.1455609580377459,0.26024998637494806,3921.917292052192,0.19894113061098195,0.5650049287904839,7392.275427656403,0.7964929672910488,0.24523542305586435,0.9991729958075422,COMPLETE
74,0.2734185061093467,0.5036346282602916,1.2055568539204777,0.5221859752260476,0.05316137387118847,3,0.11297540118638442,532,0.00015621737873326114,3.6465642148186297,69,1.38483856120157,0.7026995087362596,3,396.2263894580028,0.15642909931080357,0.2734185061093467,4138.182193761789,0.21001507839808636,0.5152295641321213,7803.762342716907,0.8193908395494821,0.2536137108450413,1.033671193204693,COMPLETE
75,0.28360772930568906,0.4329431229931888,1.0506688796797368,0.4865379878253852,0.03975102693278619,4,0.5894651513296071,333,0.0012090547666275585,0.21922592372522764,76,0.868416842397193,0.6530050899097779,4,437.6222254170061,0.15576628697713849,0.28360772930568906,4197.3884057897185,0.2163785790718493,0.4854072045063349,8040.217969163096,0.7847592555794065,0.268916600935359,1.0908034342871382,COMPLETE
76,0.26686312627932524,0.6676889162795862,1.1381901340257234,0.8651529030415887,0.021535295825818028,5,5.243413450483233,390,0.00045536214274973717,1.440494517251043,27,1.3289474013386577,0.8740811999888349,1,181.49475808300485,0.1584836825887817,0.26686312627932524,4305.876875063118,0.20648711651037546,0.531379706378713,7672.669964322664,0.797862425981579,0.24150403907579918,0.9877825471787569,COMPLETE
77,0.2709348379016962,0.4253035869328755,1.6307945204706278,0.40101814223217525,0.18479551854481133,6,0.377318721948725,303,6.518290569694431e-06,0.24893554219152583,34,1.1361983473463348,0.7659324560544408,1,202.70092266600113,0.15424604434892994,0.2709348379016962,4151.825416583145,0.2079632338238621,0.5246556931714479,7727.51968650587,0.9094225244238484,0.2518864163113365,1.0256156047616458,COMPLETE
78,0.2654919739634516,0.6695451068260483,1.221519584253731,0.3913349306977736,0.1889843569588122,4,0.13923066216803626,397,1.3586555364039223e-06,0.6859936473182531,25,1.367848124288911,0.8216446133700225,4,160.1775280840011,0.1516857699817074,0.2654919739634516,4097.692841393281,0.20387634776431376,0.5431550140954036,7575.658745026116,0.8226145868990409,0.24646250479655132,1.0043758916253718,COMPLETE
79,0.27914961962087476,0.5776091239592117,1.6499417751515946,0.5648080176626988,0.04600159539324798,2,0.4766626071539441,288,0.01275102975934068,0.25788440926487516,65,1.0130199952751267,0.7930019588720071,4,343.99311016700085,0.15643596920950123,0.27914961962087476,4248.47897124541,0.2138290779406549,0.49746224066751954,7945.483338335225,0.6833034117638234,0.2612821667208795,1.060324636710515,COMPLETE
80,0.2710301222327745,0.4000163674849117,1.5253578563916472,0.787284447448485,0.10263197390370768,4,0.4423854905085013,305,4.216451999350567e-06,0.08352041416252896,80,1.2447943259229164,0.7143768741564415,5,441.8030383330042,0.15206194811588114,0.2710301222327745,4056.229617190809,0.2075845925626241,0.5263850480589656,7713.450094749001,0.7886892497373804,0.25378211868060163,1.0308125351292114,COMPLETE
81,0.26694837167267443,0.45551871035358776,1.0659677194125396,0.5954808906175532,0.11683818470005472,2,0.34053903594216484,425,2.9695783268560576e-05,0.29032765517332265,78,0.9937032982041272,0.6989120350429668,2,410.33295729199745,0.15071131548454303,0.26694837167267443,4057.869321878337,0.20437271551024822,0.5409277899676067,7594.102829867111,0.796696739177193,0.25030262464970493,1.0210262553875546,COMPLETE
82,0.27855066469377554,0.6139086024917884,1.2370141421350203,0.5215312706736809,0.02236408597811443,6,3.6097213495499405,412,2.139004996752275,1.275334859266522,13,1.169059949414285,0.7657461467660042,1,140.78713624999364,0.15630379972931654,0.27855066469377554,4212.2729318043375,0.21398217916115553,0.496742350845382,7951.1722895680605,0.7230750651558567,0.25827394213047994,1.0413263883687227,COMPLETE
83,0.27493738800168727,0.49240574151630767,1.9192428206437218,0.2805043655895023,0.19189903756229815,6,0.13441572593229964,549,1.133576703268799e-05,0.13769112755033203,13,1.4841624512906946,0.7559569677423708,0,90.20186462499987,0.1595222208162511,0.27493738800168727,4289.662371771792,0.21170730627225998,0.50738586962475,7866.6423238139805,0.8348270432646705,0.2529203269177091,1.0326575032885956,COMPLETE
84,0.2731501829556897,0.4967229880802075,0.5357769396785403,0.7326883010545807,0.06039229052724942,3,0.6154039399854149,472,0.0031852729128838872,3.9669903491480456,78,1.126533429234066,0.6571164357246055,3,423.9901140000002,0.15810613715326927,0.2731501829556897,4241.863008845796,0.2099413555166764,0.5155698482759477,7801.022940145759,0.7943029710917879,0.25283530975605334,1.0355689955218663,COMPLETE
85,0.2756336388253655,0.47075944108396867,1.1575303708840186,0.8186112878891135,0.09780979014562445,4,0.17902553273252836,452,0.0008599279156437005,0.24190433764891492,54,0.7936865398820931,0.6645077622753796,5,317.368261333002,0.15421069130929535,0.2756336388253655,4164.443193423537,0.21074782787337754,0.5118409030502548,7830.989924686446,0.7574044890214962,0.259543243807952,1.0570640451067492,COMPLETE
86,0.2824512718137615,0.7530608167564689,0.26794532274021393,0.5842209004657927,0.016120711407911312,4,1.2602622127919771,1070,0.5990456177306297,5.7116665097098105,46,1.3961707018268459,0.798776670375033,5,352.29745104200265,0.16873371468945145,0.2824512718137615,4539.898635313049,0.21898413173540027,0.47293950700103415,8137.035368717823,0.7396312882629306,0.25386856031344507,1.0369349514707087,COMPLETE
87,0.27028971384829203,0.5103911562251796,1.7793479795060807,0.48227426046147653,0.06521561730988959,4,0.30775897093109,318,1.394715226057027e-06,0.3620539874730812,20,1.3947351782970332,0.7655736843368609,3,122.60725620800076,0.15334934858393637,0.27028971384829203,4103.566028339324,0.2072248189408376,0.5280253095622709,7700.081588720694,0.7955870396531711,0.2522595796298176,1.0281641316086143,COMPLETE
88,0.26755745763267685,0.4562798189010197,1.2184587735119528,0.7975159476831449,0.06419878458919306,2,1.0818180187446627,528,0.01718111692439398,1.550012117365166,77,1.3704089715922008,0.7195741151417552,5,399.98787316600647,0.15103293372342663,0.26755745763267685,4064.693849605906,0.2049299374019084,0.5384210579830817,7614.808139446991,0.7947920809329789,0.2505100809230738,1.0207085296558813,COMPLETE
89,0.27815831190807433,0.46384599754814143,1.5201098401286293,0.7175397606594673,0.08216262903988195,3,0.30521280210474677,280,1.6458676521237464e-06,0.7369636414034094,68,1.4974886768797457,0.6822993434768263,3,352.3173278339964,0.15915882620605543,0.27815831190807433,4264.159443628057,0.21383056084619634,0.4974552704404642,7945.538440295096,0.8082836142438725,0.257311004247512,1.0466978494108985,COMPLETE
90,0.27677287293169595,0.6754997519306529,1.1747152734032973,0.9485593670400264,0.024845501315771956,4,8.57896625957991,883,0.20998425791399997,20.14405540111271,29,1.426803330887904,0.8076136631439494,5,203.58580883299874,0.15572030423561892,0.27677287293169595,4232.45990600782,0.21178885920657567,0.5070062713352698,7869.672676313455,0.7194721449697191,0.25993605490048105,1.0596855128642673,COMPLETE
91,0.26597204617711384,0.5202429013029286,1.576252556662203,0.7463719983997998,0.19032995779392867,2,0.10555143965453918,340,1.537624554873832e-06,1.0688769171575863,15,1.1290256745730614,0.688890876255285,3,89.95071850000386,0.1493168516452019,0.26597204617711384,4091.26693186254,0.2039143449608857,0.5429847104134162,7577.070648847492,0.8681987778570214,0.24823080486491253,1.0061149859131018,COMPLETE
92,0.2731210926895201,0.5470790181731232,0.672112234369707,0.776611762907248,0.025902327262717004,2,0.20306422630935006,487,6.500861651757289e-05,0.1704433054600822,72,1.179105484099993,0.7059948966727907,4,378.37468712499685,0.15266950060466922,0.2731210926895201,4149.64540584645,0.20914932976583328,0.5192180805648017,7771.59276410299,0.699556531514089,0.2558870516947474,1.0378161274676185,COMPLETE
93,0.27055569657454176,0.627135877019974,1.9416881991509887,0.14370742099164938,0.11722076874932377,5,0.588881302164168,284,2.9363751466636574e-05,0.7595421439660223,23,1.4442984815372841,0.7779226439305738,3,142.99162420799985,0.15873102296910477,0.27055569657454176,4310.527009890885,0.20899581064118478,0.5199236255540887,7765.888284343932,0.7782036782195322,0.2462395437334279,1.003940445278183,COMPLETE
94,0.2665835506023762,0.4763900088663212,1.4109261241639666,0.42582825685335945,0.1197419350664307,4,0.11529522466853946,388,0.00016852640302677973,0.09457088552191376,48,1.3450314009739823,0.7399136424912642,5,271.54058874999464,0.15180054751137065,0.2665835506023762,4131.670261719698,0.20465671143494393,0.5396510518214765,7604.655580267368,0.8579139389089069,0.24770735666972904,1.0083107291058313,COMPLETE
95,0.26185931548337243,0.599139071796028,1.8101856585584246,0.338527300554265,0.17058249409171275,3,0.1216570288722187,642,2.8403969581477472e-05,2.193455311188257,17,1.3518054324097584,0.7170530119259709,4,114.63931216699712,0.14956890098749875,0.26185931548337243,4039.0330926839893,0.20127480743122458,0.5547396614349636,7478.990436068136,0.7825085678710981,0.24233803220859135,0.9851486266528497,COMPLETE
96,0.265439234822438,0.4036154826759966,1.1852727916329517,0.5455158978915761,0.04504401755446962,3,0.8387785795838341,312,0.0011228351925937799,1.14482596104332,60,1.2968985589181279,0.6899141917934286,4,318.4538182079996,0.15136796806349442,0.265439234822438,4128.628752004782,0.20403336473317135,0.5424510576202898,7581.493198047702,0.7782570262122894,0.24562348035706655,0.9975288423605868,COMPLETE
97,0.2643321349310029,0.43518731530789256,1.737714111861963,0.27734363927718664,0.19897596376583038,2,0.10128408912476304,616,2.884283893840586e-05,1.5750979101251918,35,1.3699527474817914,0.7691821822498127,3,210.74858287500683,0.15162098437234944,0.2643321349310029,4135.493189148485,0.20365240860109268,0.5441580661754295,7567.337590076985,0.9997846854113734,0.24271890531964072,0.9832055988690998,COMPLETE
98,0.26702896245196267,0.5822408962381505,1.7325969598054887,0.2823892280534596,0.13990887660969564,2,0.18606551755439713,594,0.0009091043023015595,1.0780714636943203,18,1.1324062355830649,0.7140149860943686,2,119.43703475000075,0.1527214115073275,0.26702896245196267,4174.979013903092,0.205267527170614,0.5368990482829752,7627.352335532368,0.8417295994752029,0.24704574112539468,1.0047793068872268,COMPLETE
99,0.27115210987641963,0.44360416455636414,1.7577157266007322,0.2351120990925475,0.13084396660059436,2,0.31831356201865,618,3.71052835072109e-05,2.751170975845229,35,1.4435853279749595,0.721420698763033,3,195.23442008399434,0.1531049544342655,0.27115210987641963,4110.76103509159,0.2081840521164635,0.5236457026764045,7735.724875816705,0.8038676272682598,0.2518722310398245,1.0203591693412706,COMPLETE
